--
-- PostgreSQL database dump
--

-- Dumped from database version 13.11 (Debian 13.11-1.pgdg120+1)
-- Dumped by pg_dump version 13.11 (Debian 13.11-1.pgdg120+1)

SET statement_timeout = 0;
SET lock_timeout = 0;
SET idle_in_transaction_session_timeout = 0;
SET client_encoding = 'UTF8';
SET standard_conforming_strings = on;
SELECT pg_catalog.set_config('search_path', '', false);
SET check_function_bodies = false;
SET xmloption = content;
SET client_min_messages = warning;
SET row_security = off;

SET default_tablespace = '';

SET default_table_access_method = heap;

--
-- Name: agents; Type: TABLE; Schema: public; Owner: postgres
--

CREATE TABLE public.agents (
    id bigint NOT NULL,
    created_at timestamp with time zone,
    updated_at timestamp with time zone,
    deleted_at timestamp with time zone,
    first_name character varying,
    last_name character varying,
    phone_number character varying,
    email character varying
);


ALTER TABLE public.agents OWNER TO postgres;

--
-- Name: agents_id_seq; Type: SEQUENCE; Schema: public; Owner: postgres
--

CREATE SEQUENCE public.agents_id_seq
    START WITH 1
    INCREMENT BY 1
    NO MINVALUE
    NO MAXVALUE
    CACHE 1;


ALTER TABLE public.agents_id_seq OWNER TO postgres;

--
-- Name: agents_id_seq; Type: SEQUENCE OWNED BY; Schema: public; Owner: postgres
--

ALTER SEQUENCE public.agents_id_seq OWNED BY public.agents.id;


--
-- Name: batteries; Type: TABLE; Schema: public; Owner: postgres
--

CREATE TABLE public.batteries (
    id bigint NOT NULL,
    created_at timestamp with time zone,
    updated_at timestamp with time zone,
    deleted_at timestamp with time zone,
    identifier character varying,
    model_name text,
    last_seen_online timestamp without time zone,
    manufacture_date date,
    battery_capacity numeric,
    consumption_rate numeric
);


ALTER TABLE public.batteries OWNER TO postgres;

--
-- Name: batteries_id_seq; Type: SEQUENCE; Schema: public; Owner: postgres
--

CREATE SEQUENCE public.batteries_id_seq
    START WITH 1
    INCREMENT BY 1
    NO MINVALUE
    NO MAXVALUE
    CACHE 1;


ALTER TABLE public.batteries_id_seq OWNER TO postgres;

--
-- Name: batteries_id_seq; Type: SEQUENCE OWNED BY; Schema: public; Owner: postgres
--

ALTER SEQUENCE public.batteries_id_seq OWNED BY public.batteries.id;


--
-- Name: battery_telematics; Type: TABLE; Schema: public; Owner: postgres
--

CREATE TABLE public.battery_telematics (
    id bigint NOT NULL,
    created_at timestamp with time zone,
    updated_at timestamp with time zone,
    deleted_at timestamp with time zone,
    battery_id bigint,
    longitude text,
    latitude text,
    battery_soc numeric,
    charging boolean,
    charging_rate numeric
);


ALTER TABLE public.battery_telematics OWNER TO postgres;

--
-- Name: battery_telematics_id_seq; Type: SEQUENCE; Schema: public; Owner: postgres
--

CREATE SEQUENCE public.battery_telematics_id_seq
    START WITH 1
    INCREMENT BY 1
    NO MINVALUE
    NO MAXVALUE
    CACHE 1;


ALTER TABLE public.battery_telematics_id_seq OWNER TO postgres;

--
-- Name: battery_telematics_id_seq; Type: SEQUENCE OWNED BY; Schema: public; Owner: postgres
--

ALTER SEQUENCE public.battery_telematics_id_seq OWNED BY public.battery_telematics.id;


--
-- Name: drivers; Type: TABLE; Schema: public; Owner: postgres
--

CREATE TABLE public.drivers (
    id bigint NOT NULL,
    created_at timestamp with time zone,
    updated_at timestamp with time zone,
    deleted_at timestamp with time zone,
    first_name text,
    last_name text,
    phone_number character varying,
    email character varying
);


ALTER TABLE public.drivers OWNER TO postgres;

--
-- Name: drivers_id_seq; Type: SEQUENCE; Schema: public; Owner: postgres
--

CREATE SEQUENCE public.drivers_id_seq
    START WITH 1
    INCREMENT BY 1
    NO MINVALUE
    NO MAXVALUE
    CACHE 1;


ALTER TABLE public.drivers_id_seq OWNER TO postgres;

--
-- Name: drivers_id_seq; Type: SEQUENCE OWNED BY; Schema: public; Owner: postgres
--

ALTER SEQUENCE public.drivers_id_seq OWNED BY public.drivers.id;


--
-- Name: stations; Type: TABLE; Schema: public; Owner: postgres
--

CREATE TABLE public.stations (
    id bigint NOT NULL,
    created_at timestamp with time zone,
    updated_at timestamp with time zone,
    deleted_at timestamp with time zone,
    location character varying,
    description character varying
);


ALTER TABLE public.stations OWNER TO postgres;

--
-- Name: stations_id_seq; Type: SEQUENCE; Schema: public; Owner: postgres
--

CREATE SEQUENCE public.stations_id_seq
    START WITH 1
    INCREMENT BY 1
    NO MINVALUE
    NO MAXVALUE
    CACHE 1;


ALTER TABLE public.stations_id_seq OWNER TO postgres;

--
-- Name: stations_id_seq; Type: SEQUENCE OWNED BY; Schema: public; Owner: postgres
--

ALTER SEQUENCE public.stations_id_seq OWNED BY public.stations.id;


--
-- Name: swaps; Type: TABLE; Schema: public; Owner: postgres
--

CREATE TABLE public.swaps (
    id bigint NOT NULL,
    created_at timestamp with time zone,
    updated_at timestamp with time zone,
    deleted_at timestamp with time zone,
    battery_in_id bigint,
    battery_in_soc numeric,
    battery_out_id bigint,
    battery_out_soc numeric,
    driver_id bigint,
    station_id bigint,
    agent_id bigint,
    vehicle_id bigint,
    cost numeric,
    distance_covered numeric,
    energy_consumed numeric
);


ALTER TABLE public.swaps OWNER TO postgres;

--
-- Name: swaps_id_seq; Type: SEQUENCE; Schema: public; Owner: postgres
--

CREATE SEQUENCE public.swaps_id_seq
    START WITH 1
    INCREMENT BY 1
    NO MINVALUE
    NO MAXVALUE
    CACHE 1;


ALTER TABLE public.swaps_id_seq OWNER TO postgres;

--
-- Name: swaps_id_seq; Type: SEQUENCE OWNED BY; Schema: public; Owner: postgres
--

ALTER SEQUENCE public.swaps_id_seq OWNED BY public.swaps.id;


--
-- Name: vehicles; Type: TABLE; Schema: public; Owner: postgres
--

CREATE TABLE public.vehicles (
    id bigint NOT NULL,
    created_at timestamp with time zone,
    updated_at timestamp with time zone,
    deleted_at timestamp with time zone,
    identifier character varying,
    model_name text,
    manufacture_date date,
    description character varying
);


ALTER TABLE public.vehicles OWNER TO postgres;

--
-- Name: vehicles_id_seq; Type: SEQUENCE; Schema: public; Owner: postgres
--

CREATE SEQUENCE public.vehicles_id_seq
    START WITH 1
    INCREMENT BY 1
    NO MINVALUE
    NO MAXVALUE
    CACHE 1;


ALTER TABLE public.vehicles_id_seq OWNER TO postgres;

--
-- Name: vehicles_id_seq; Type: SEQUENCE OWNED BY; Schema: public; Owner: postgres
--

ALTER SEQUENCE public.vehicles_id_seq OWNED BY public.vehicles.id;


--
-- Name: agents id; Type: DEFAULT; Schema: public; Owner: postgres
--

ALTER TABLE ONLY public.agents ALTER COLUMN id SET DEFAULT nextval('public.agents_id_seq'::regclass);


--
-- Name: batteries id; Type: DEFAULT; Schema: public; Owner: postgres
--

ALTER TABLE ONLY public.batteries ALTER COLUMN id SET DEFAULT nextval('public.batteries_id_seq'::regclass);


--
-- Name: battery_telematics id; Type: DEFAULT; Schema: public; Owner: postgres
--

ALTER TABLE ONLY public.battery_telematics ALTER COLUMN id SET DEFAULT nextval('public.battery_telematics_id_seq'::regclass);


--
-- Name: drivers id; Type: DEFAULT; Schema: public; Owner: postgres
--

ALTER TABLE ONLY public.drivers ALTER COLUMN id SET DEFAULT nextval('public.drivers_id_seq'::regclass);


--
-- Name: stations id; Type: DEFAULT; Schema: public; Owner: postgres
--

ALTER TABLE ONLY public.stations ALTER COLUMN id SET DEFAULT nextval('public.stations_id_seq'::regclass);


--
-- Name: swaps id; Type: DEFAULT; Schema: public; Owner: postgres
--

ALTER TABLE ONLY public.swaps ALTER COLUMN id SET DEFAULT nextval('public.swaps_id_seq'::regclass);


--
-- Name: vehicles id; Type: DEFAULT; Schema: public; Owner: postgres
--

ALTER TABLE ONLY public.vehicles ALTER COLUMN id SET DEFAULT nextval('public.vehicles_id_seq'::regclass);


--
-- Data for Name: agents; Type: TABLE DATA; Schema: public; Owner: postgres
--

COPY public.agents (id, created_at, updated_at, deleted_at, first_name, last_name, phone_number, email) FROM stdin;
1	2023-07-01 19:11:50.147572+00	2023-07-01 19:11:50.147572+00	\N	John	Doe	+1234567890	john.doe@example.com
2	2023-07-01 19:12:12.081616+00	2023-07-01 19:12:12.081616+00	\N	Jane	Smith	+9876543210	jane.smith@example.com
\.


--
-- Data for Name: batteries; Type: TABLE DATA; Schema: public; Owner: postgres
--

COPY public.batteries (id, created_at, updated_at, deleted_at, identifier, model_name, last_seen_online, manufacture_date, battery_capacity, consumption_rate) FROM stdin;
1	2023-07-01 20:36:47.235103+00	2023-07-01 20:36:47.235103+00	\N	BAT-001	XYZ123	2023-07-01 12:34:56	2023-01-15	1.2	0.06
2	2023-07-01 20:37:01.958175+00	2023-07-01 20:37:01.958175+00	\N	BAT-002	ABC456	2023-07-02 08:45:30	2023-02-28	1.2	0.06
3	2023-07-02 20:05:42.664339+00	2023-07-02 20:05:42.664339+00	\N	BAT-003	SMART HM17	2023-07-01 20:36:47.235103	2023-07-01	1.2	0.06
4	2023-07-02 20:05:55.096421+00	2023-07-02 20:05:55.096421+00	\N	BAT-004	SMART HM17	2023-07-01 20:36:47.235103	2023-07-01	1.2	0.06
\.


--
-- Data for Name: battery_telematics; Type: TABLE DATA; Schema: public; Owner: postgres
--

COPY public.battery_telematics (id, created_at, updated_at, deleted_at, battery_id, longitude, latitude, battery_soc, charging, charging_rate) FROM stdin;
2	2023-07-01 20:38:44.944554+00	2023-07-01 20:38:44.944554+00	\N	1	40.7128° N	74.0060° W	65.2	f	0
3	2023-07-01 20:38:51.251699+00	2023-07-01 20:38:51.251699+00	\N	1	40.7128° N	74.0060° W	65.2	f	0
4	2023-07-01 20:39:55.649215+00	2023-07-01 20:39:55.649215+00	\N	1	40.7128° N	74.0060° W	65.2	f	0
5	2023-07-01 21:04:52.345628+00	2023-07-01 21:04:52.345628+00	\N	1	2.0267° N	30.1648° E	66.76106805241483	t	2.423206854721657
6	2023-07-01 21:04:52.391849+00	2023-07-01 21:04:52.391849+00	\N	1	2.9222° N	30.6257° E	10.172900109378212	t	8.257390491178583
7	2023-07-01 21:04:52.442527+00	2023-07-01 21:04:52.442527+00	\N	2	2.7832° N	30.2930° E	17.66792610099882	t	3.521872866869172
8	2023-07-01 21:04:52.492521+00	2023-07-01 21:04:52.492521+00	\N	1	2.4892° N	30.3813° E	21.226752858139722	f	3.2565162943140424
9	2023-07-01 21:04:52.543348+00	2023-07-01 21:04:52.543348+00	\N	2	2.6143° N	30.1330° E	9.538716707503639	t	1.8723019754853156
10	2023-07-01 21:05:52.56834+00	2023-07-01 21:05:52.56834+00	\N	2	2.0376° N	31.0590° E	53.17653957641772	f	2.5540837652197856
11	2023-07-01 21:05:52.616981+00	2023-07-01 21:05:52.616981+00	\N	1	2.5840° N	30.9801° E	13.188326680372617	t	2.5423121155122304
12	2023-07-01 21:05:52.667291+00	2023-07-01 21:05:52.667291+00	\N	2	2.8958° N	30.1336° E	98.60835199712194	f	9.553733779347912
13	2023-07-01 21:05:52.717298+00	2023-07-01 21:05:52.717298+00	\N	1	2.2864° N	30.3080° E	88.55191708118711	t	1.8266036284588438
14	2023-07-01 21:05:52.770123+00	2023-07-01 21:05:52.770123+00	\N	2	2.5394° N	30.0977° E	34.73642983127988	f	9.604458680996865
15	2023-07-01 21:05:52.820059+00	2023-07-01 21:05:52.820059+00	\N	2	2.8121° N	31.0165° E	72.35657786033102	f	8.371745865714283
16	2023-07-01 21:05:52.869987+00	2023-07-01 21:05:52.869987+00	\N	1	2.6378° N	30.1586° E	99.11527082055092	f	5.003356663439414
17	2023-07-01 21:05:52.920683+00	2023-07-01 21:05:52.920683+00	\N	2	2.5205° N	30.1506° E	45.60299065154489	t	9.469703574277489
18	2023-07-01 21:05:52.971606+00	2023-07-01 21:05:52.971606+00	\N	2	2.2935° N	30.8002° E	63.567727181341674	f	9.348628817292136
19	2023-07-01 21:05:53.021177+00	2023-07-01 21:05:53.021177+00	\N	1	2.4597° N	30.3291° E	37.56623104854035	t	9.411039910138083
20	2023-07-01 21:05:53.071747+00	2023-07-01 21:05:53.071747+00	\N	1	1.9489° N	30.2256° E	55.52703080311343	t	1.4292531876109518
21	2023-07-01 21:05:53.122895+00	2023-07-01 21:05:53.122895+00	\N	1	2.6829° N	30.6252° E	43.342179847594515	f	7.063843210263957
22	2023-07-01 21:05:53.174236+00	2023-07-01 21:05:53.174236+00	\N	2	2.6399° N	30.1940° E	91.14901484859972	f	4.8733970935274975
23	2023-07-01 21:05:53.222631+00	2023-07-01 21:05:53.222631+00	\N	2	2.2091° N	30.7975° E	67.28316110337236	f	8.589194158945359
24	2023-07-01 21:05:53.274226+00	2023-07-01 21:05:53.274226+00	\N	1	2.4272° N	30.3151° E	1.9270875440623767	t	2.2231468151014147
25	2023-07-01 21:05:53.323632+00	2023-07-01 21:05:53.323632+00	\N	1	2.6728° N	30.4589° E	71.50644693667192	f	5.6495957047913805
26	2023-07-01 21:05:53.374151+00	2023-07-01 21:05:53.374151+00	\N	1	2.5736° N	30.5300° E	83.00809644528915	f	1.4696643554531716
27	2023-07-01 21:05:53.424194+00	2023-07-01 21:05:53.424194+00	\N	1	2.6166° N	30.0853° E	11.480869743592798	t	9.349894310855522
28	2023-07-01 21:05:53.476529+00	2023-07-01 21:05:53.476529+00	\N	2	2.1260° N	30.5138° E	4.082449153031832	f	5.650027138017803
29	2023-07-01 21:05:53.526646+00	2023-07-01 21:05:53.526646+00	\N	1	2.2756° N	30.4044° E	3.356897866433285	t	7.214163224626031
30	2023-07-01 21:05:53.578014+00	2023-07-01 21:05:53.578014+00	\N	2	2.0495° N	30.8701° E	85.79786715178601	f	9.58627365394014
31	2023-07-01 21:05:53.627787+00	2023-07-01 21:05:53.627787+00	\N	1	2.0525° N	30.3513° E	52.42206246447616	f	7.115588962417129
32	2023-07-01 21:05:53.679574+00	2023-07-01 21:05:53.679574+00	\N	1	2.0828° N	30.7122° E	86.94177704350243	f	9.43273337857236
33	2023-07-01 21:05:53.729886+00	2023-07-01 21:05:53.729886+00	\N	1	2.4071° N	30.8146° E	16.414424320000762	f	1.7460896367811427
34	2023-07-01 21:05:53.780448+00	2023-07-01 21:05:53.780448+00	\N	1	2.7687° N	30.6967° E	17.02058339583807	f	5.320805006487353
35	2023-07-01 21:05:53.831264+00	2023-07-01 21:05:53.831264+00	\N	2	2.0096° N	30.3492° E	74.79538526816445	f	1.9697952668480214
36	2023-07-01 21:05:53.88197+00	2023-07-01 21:05:53.88197+00	\N	2	2.9147° N	30.9870° E	33.33633286221897	f	8.686956689819072
37	2023-07-01 21:05:53.931066+00	2023-07-01 21:05:53.931066+00	\N	2	2.4430° N	30.1837° E	17.616432227741342	t	6.913167635416419
38	2023-07-01 21:05:53.983098+00	2023-07-01 21:05:53.983098+00	\N	1	2.7284° N	30.0918° E	59.33426452999401	t	2.879368776076733
39	2023-07-01 21:05:54.033667+00	2023-07-01 21:05:54.033667+00	\N	2	2.0113° N	30.8046° E	91.45017166562978	f	9.354112776915006
40	2023-07-01 21:05:54.084653+00	2023-07-01 21:05:54.084653+00	\N	2	2.0483° N	30.7242° E	42.23998575439521	t	6.495370339681585
41	2023-07-01 21:05:54.135718+00	2023-07-01 21:05:54.135718+00	\N	2	2.7814° N	30.7421° E	55.92123359285927	f	2.558663732275785
42	2023-07-01 21:05:54.18645+00	2023-07-01 21:05:54.18645+00	\N	2	2.4191° N	30.8598° E	28.23731343657188	f	4.974201926101426
43	2023-07-01 21:05:54.236106+00	2023-07-01 21:05:54.236106+00	\N	1	2.1570° N	30.7483° E	30.004027432649277	t	9.774697206793387
44	2023-07-01 21:05:54.285973+00	2023-07-01 21:05:54.285973+00	\N	1	2.3332° N	30.1332° E	88.69770395186748	f	7.632520306182179
45	2023-07-01 21:05:54.337619+00	2023-07-01 21:05:54.337619+00	\N	2	2.3680° N	30.2177° E	99.26407660901751	f	3.554757256261932
46	2023-07-01 21:05:54.388843+00	2023-07-01 21:05:54.388843+00	\N	1	2.5126° N	30.5605° E	88.99889290893262	f	5.319113291823243
47	2023-07-01 21:05:54.439029+00	2023-07-01 21:05:54.439029+00	\N	1	2.3099° N	30.7054° E	72.07460229932691	f	7.961008542644871
48	2023-07-01 21:05:54.489462+00	2023-07-01 21:05:54.489462+00	\N	2	2.4160° N	30.4968° E	38.37442947445459	f	7.828256406554955
49	2023-07-01 21:05:54.538419+00	2023-07-01 21:05:54.538419+00	\N	2	2.3960° N	30.1646° E	84.04917600495668	f	5.725072758847835
50	2023-07-01 21:05:54.589749+00	2023-07-01 21:05:54.589749+00	\N	1	2.0846° N	30.5546° E	14.859862543814891	t	6.417088551718746
51	2023-07-01 21:05:54.63948+00	2023-07-01 21:05:54.63948+00	\N	1	2.4902° N	30.5778° E	11.795929473426174	f	8.31780462036779
52	2023-07-01 21:05:54.69051+00	2023-07-01 21:05:54.69051+00	\N	2	2.2747° N	30.5246° E	70.1232566215336	f	4.395199662250459
53	2023-07-01 21:05:54.741191+00	2023-07-01 21:05:54.741191+00	\N	2	2.7600° N	30.9175° E	35.69624480488719	t	5.047427330132463
54	2023-07-01 21:05:54.79153+00	2023-07-01 21:05:54.79153+00	\N	2	2.3852° N	30.9472° E	73.75084132414764	f	9.125086790971045
55	2023-07-01 21:05:54.841536+00	2023-07-01 21:05:54.841536+00	\N	1	2.5508° N	30.3925° E	75.25284098477857	f	9.303801489377792
56	2023-07-01 21:05:54.892595+00	2023-07-01 21:05:54.892595+00	\N	1	2.2299° N	31.0552° E	72.64468640185305	f	8.406904038961589
57	2023-07-01 21:05:54.942266+00	2023-07-01 21:05:54.942266+00	\N	2	2.9032° N	30.4294° E	89.24094932265287	t	1.528142016780709
58	2023-07-01 21:05:54.99377+00	2023-07-01 21:05:54.99377+00	\N	1	2.5750° N	30.4897° E	41.35526110633484	t	7.171541656165177
59	2023-07-01 21:05:55.044016+00	2023-07-01 21:05:55.044016+00	\N	1	2.4957° N	31.0600° E	58.700559425779275	f	6.5303797002019826
60	2023-07-01 21:05:55.096228+00	2023-07-01 21:05:55.096228+00	\N	1	1.9966° N	30.4680° E	58.549341479138604	f	4.037172027643351
61	2023-07-01 21:05:55.14539+00	2023-07-01 21:05:55.14539+00	\N	2	2.1763° N	30.6884° E	90.14336682391475	f	2.457217417193794
62	2023-07-01 21:05:55.195671+00	2023-07-01 21:05:55.195671+00	\N	1	2.3801° N	30.6016° E	25.924017084297514	f	6.915912049412101
63	2023-07-01 21:05:55.246969+00	2023-07-01 21:05:55.246969+00	\N	2	2.6988° N	30.6588° E	33.92747106337012	f	8.913325921835487
64	2023-07-01 21:05:55.29723+00	2023-07-01 21:05:55.29723+00	\N	2	2.6288° N	30.4205° E	83.54476249044086	f	9.996876224296322
65	2023-07-01 21:05:55.348063+00	2023-07-01 21:05:55.348063+00	\N	2	2.6299° N	30.6336° E	88.84665000393807	t	6.1302949587987605
66	2023-07-01 21:05:55.398509+00	2023-07-01 21:05:55.398509+00	\N	2	2.0326° N	31.0110° E	60.77619544516105	f	7.505908455811857
67	2023-07-01 21:05:55.44933+00	2023-07-01 21:05:55.44933+00	\N	1	2.5557° N	30.6964° E	37.39930442380236	f	9.60617439433973
68	2023-07-01 21:05:55.499526+00	2023-07-01 21:05:55.499526+00	\N	1	2.2231° N	30.3587° E	7.276046094427871	t	2.119107706959174
69	2023-07-01 21:05:55.549921+00	2023-07-01 21:05:55.549921+00	\N	1	2.8328° N	30.6236° E	8.210215332697707	f	9.458055944247567
70	2023-07-01 21:05:55.601004+00	2023-07-01 21:05:55.601004+00	\N	1	2.3427° N	30.5722° E	42.42474570831896	t	2.5674437825476732
71	2023-07-01 21:05:55.653167+00	2023-07-01 21:05:55.653167+00	\N	2	2.6886° N	30.5584° E	72.39776049257357	f	6.152826001602971
72	2023-07-01 21:05:55.701872+00	2023-07-01 21:05:55.701872+00	\N	2	2.7163° N	30.2767° E	67.12264047461936	t	2.759790150141676
73	2023-07-01 21:05:55.754027+00	2023-07-01 21:05:55.754027+00	\N	2	1.9419° N	30.4490° E	57.90190640481001	t	2.8569628405495817
74	2023-07-01 21:05:55.804393+00	2023-07-01 21:05:55.804393+00	\N	2	2.2963° N	30.8292° E	78.75470186125013	f	7.293438448871283
75	2023-07-01 21:05:55.855417+00	2023-07-01 21:05:55.855417+00	\N	1	2.1280° N	30.1612° E	28.83722524991451	t	1.8477511889307157
76	2023-07-01 21:05:55.90644+00	2023-07-01 21:05:55.90644+00	\N	1	2.1890° N	30.4122° E	67.62653203311928	f	0.6815113635273535
77	2023-07-01 21:05:55.956811+00	2023-07-01 21:05:55.956811+00	\N	1	2.3066° N	30.7506° E	99.83659429532493	t	4.03331970959056
78	2023-07-01 21:05:56.00658+00	2023-07-01 21:05:56.00658+00	\N	2	2.8787° N	30.3202° E	35.9695678325864	f	3.6223145562235235
79	2023-07-01 21:05:56.05699+00	2023-07-01 21:05:56.05699+00	\N	1	2.1925° N	30.0945° E	43.83238640305985	t	9.42024596310955
80	2023-07-01 21:05:56.108107+00	2023-07-01 21:05:56.108107+00	\N	1	1.9872° N	30.3841° E	35.00301833887535	t	2.695787887750789
81	2023-07-01 21:05:56.159009+00	2023-07-01 21:05:56.159009+00	\N	2	2.7279° N	30.2194° E	97.88540032826974	t	2.4065635695955754
82	2023-07-01 21:05:56.209863+00	2023-07-01 21:05:56.209863+00	\N	2	2.8540° N	30.8263° E	22.888165355541673	t	3.9907723734680847
83	2023-07-01 21:05:56.260572+00	2023-07-01 21:05:56.260572+00	\N	2	2.7356° N	30.9161° E	92.67258123836936	t	9.68688298978788
84	2023-07-01 21:05:56.310513+00	2023-07-01 21:05:56.310513+00	\N	2	2.1385° N	30.8399° E	36.96850961419239	f	9.880868790957265
85	2023-07-01 21:05:56.36163+00	2023-07-01 21:05:56.36163+00	\N	2	2.4953° N	30.0891° E	14.36259442909081	f	0.36355918741040916
86	2023-07-01 21:05:56.413097+00	2023-07-01 21:05:56.413097+00	\N	1	2.4305° N	30.3436° E	96.3821760254995	f	4.778748933592482
87	2023-07-01 21:05:56.462707+00	2023-07-01 21:05:56.462707+00	\N	1	2.0351° N	30.1835° E	87.90326051534105	f	5.527768114578022
88	2023-07-01 21:05:56.51391+00	2023-07-01 21:05:56.51391+00	\N	2	2.6742° N	30.8599° E	85.06816929018332	f	6.938220954932401
89	2023-07-01 21:05:56.565136+00	2023-07-01 21:05:56.565136+00	\N	2	2.5317° N	30.5165° E	86.83251947741482	f	0.18413173962661145
90	2023-07-01 21:05:56.614624+00	2023-07-01 21:05:56.614624+00	\N	1	2.7049° N	30.7622° E	27.53743472969997	t	1.0960618466796903
91	2023-07-01 21:05:56.664782+00	2023-07-01 21:05:56.664782+00	\N	1	2.8318° N	30.6209° E	28.033647974643394	f	3.3463936239841416
92	2023-07-01 21:05:56.716481+00	2023-07-01 21:05:56.716481+00	\N	1	2.3613° N	30.4706° E	96.32999107191404	t	4.864278803597299
93	2023-07-01 21:05:56.765864+00	2023-07-01 21:05:56.765864+00	\N	1	2.2452° N	30.8411° E	61.31042211095134	f	7.35920469983118
94	2023-07-01 21:05:56.816618+00	2023-07-01 21:05:56.816618+00	\N	1	2.6351° N	30.2008° E	93.19064707003862	t	1.2596716846814073
95	2023-07-01 21:05:56.867221+00	2023-07-01 21:05:56.867221+00	\N	2	2.3661° N	30.3392° E	92.81677977783444	t	9.459177953179346
96	2023-07-01 21:05:56.917816+00	2023-07-01 21:05:56.917816+00	\N	2	2.4556° N	30.9800° E	63.43616501328724	f	1.2950212071249116
97	2023-07-01 21:05:56.970998+00	2023-07-01 21:05:56.970998+00	\N	1	2.5482° N	30.9758° E	44.36060384727575	t	3.810409626789009
98	2023-07-01 21:05:57.020498+00	2023-07-01 21:05:57.020498+00	\N	2	2.4070° N	30.2688° E	52.18369943312856	f	7.728601690070129
99	2023-07-01 21:05:57.071565+00	2023-07-01 21:05:57.071565+00	\N	1	2.2647° N	30.7082° E	2.9515587409164135	t	0.8144753801182923
100	2023-07-01 21:05:57.123078+00	2023-07-01 21:05:57.123078+00	\N	2	2.7910° N	30.9631° E	72.36875601530367	f	4.296898420774667
101	2023-07-01 21:05:57.172067+00	2023-07-01 21:05:57.172067+00	\N	1	2.0209° N	30.8374° E	83.38278487804791	f	2.348748347640109
102	2023-07-01 21:05:57.224251+00	2023-07-01 21:05:57.224251+00	\N	1	2.4087° N	30.7337° E	32.36437013301885	t	8.153628552216402
103	2023-07-01 21:05:57.274505+00	2023-07-01 21:05:57.274505+00	\N	2	2.0247° N	30.9982° E	84.77172659071906	t	8.100824933523198
104	2023-07-01 21:05:57.325247+00	2023-07-01 21:05:57.325247+00	\N	1	1.9708° N	30.6752° E	63.15055696587591	t	3.894513098358266
105	2023-07-01 21:05:57.375247+00	2023-07-01 21:05:57.375247+00	\N	1	2.1952° N	30.2985° E	7.3386904656818315	t	6.273211608576955
106	2023-07-01 21:05:57.425149+00	2023-07-01 21:05:57.425149+00	\N	1	2.6449° N	30.8940° E	87.40824673669565	t	5.454006760609077
107	2023-07-01 21:05:57.475693+00	2023-07-01 21:05:57.475693+00	\N	2	2.6959° N	30.7341° E	51.753509897018745	t	4.2612939269777375
108	2023-07-01 21:05:57.525378+00	2023-07-01 21:05:57.525378+00	\N	1	2.0259° N	30.5813° E	4.61077489446235	f	2.298583409799271
109	2023-07-01 21:05:57.576065+00	2023-07-01 21:05:57.576065+00	\N	2	1.9757° N	30.1766° E	24.271644847265275	t	3.3438695581603213
110	2023-07-01 21:05:57.628609+00	2023-07-01 21:05:57.628609+00	\N	1	2.8700° N	31.0210° E	58.87958626067002	f	4.336817112465745
111	2023-07-01 21:05:57.678861+00	2023-07-01 21:05:57.678861+00	\N	2	2.4313° N	30.7807° E	11.506851804442157	t	2.9320519890854206
112	2023-07-01 21:05:57.728909+00	2023-07-01 21:05:57.728909+00	\N	2	2.8762° N	30.4646° E	44.056384556414145	t	7.699009236695912
113	2023-07-01 21:05:57.779504+00	2023-07-01 21:05:57.779504+00	\N	1	2.3208° N	30.9864° E	84.98189181148797	f	6.435125734685912
114	2023-07-01 21:05:57.830474+00	2023-07-01 21:05:57.830474+00	\N	1	1.9504° N	30.6283° E	26.912045224269736	t	7.087154721814661
115	2023-07-01 21:05:57.880931+00	2023-07-01 21:05:57.880931+00	\N	1	2.9181° N	30.6152° E	70.5779057178826	t	5.412097858258597
116	2023-07-01 21:05:57.932543+00	2023-07-01 21:05:57.932543+00	\N	2	2.9154° N	30.1988° E	24.68249372001272	t	8.097453495749308
117	2023-07-01 21:05:57.981675+00	2023-07-01 21:05:57.981675+00	\N	2	2.8623° N	30.3830° E	4.943394701858512	f	5.610645553607344
118	2023-07-01 21:05:58.032536+00	2023-07-01 21:05:58.032536+00	\N	1	1.9789° N	30.9265° E	14.838242237214791	f	7.14297580519082
119	2023-07-01 21:05:58.083338+00	2023-07-01 21:05:58.083338+00	\N	2	2.1730° N	30.7092° E	22.560459520763736	t	8.736288558611287
120	2023-07-01 21:05:58.137619+00	2023-07-01 21:05:58.137619+00	\N	1	2.4038° N	30.3191° E	15.313596782684865	f	1.0701505044790531
121	2023-07-01 21:05:58.18467+00	2023-07-01 21:05:58.18467+00	\N	1	2.8503° N	30.2637° E	18.290587420394388	f	5.728621559058849
122	2023-07-01 21:05:58.235386+00	2023-07-01 21:05:58.235386+00	\N	1	2.3819° N	30.8811° E	88.42623034648771	t	3.3123689669393244
123	2023-07-01 21:05:58.286691+00	2023-07-01 21:05:58.286691+00	\N	2	2.7116° N	30.1732° E	11.824535176870505	t	9.536829498809494
124	2023-07-01 21:05:58.33757+00	2023-07-01 21:05:58.33757+00	\N	1	2.0537° N	30.7013° E	54.11526881356469	t	2.7161587596468446
125	2023-07-01 21:05:58.388453+00	2023-07-01 21:05:58.388453+00	\N	2	2.1199° N	30.4992° E	11.328458931451795	t	5.422567534356481
126	2023-07-01 21:05:58.438814+00	2023-07-01 21:05:58.438814+00	\N	1	1.9595° N	30.0723° E	46.88413994051422	t	4.415252680421332
127	2023-07-01 21:05:58.489876+00	2023-07-01 21:05:58.489876+00	\N	2	2.1518° N	30.9443° E	23.363232736706248	t	3.8915005512065655
128	2023-07-01 21:05:58.540503+00	2023-07-01 21:05:58.540503+00	\N	2	1.9936° N	30.1457° E	81.60029240682586	t	3.0413659931893156
129	2023-07-01 21:05:58.589853+00	2023-07-01 21:05:58.589853+00	\N	1	2.7322° N	30.2247° E	40.228543751065494	t	9.547754207254945
130	2023-07-01 21:05:58.640901+00	2023-07-01 21:05:58.640901+00	\N	2	1.9744° N	30.3937° E	89.72038193845383	f	0.20839595978093578
131	2023-07-01 21:05:58.691807+00	2023-07-01 21:05:58.691807+00	\N	1	2.5521° N	30.2159° E	49.01383579179118	f	2.1878446006046652
132	2023-07-01 21:05:58.742264+00	2023-07-01 21:05:58.742264+00	\N	2	2.9130° N	30.6604° E	27.44968575646698	t	9.127383177112998
133	2023-07-01 21:05:58.792496+00	2023-07-01 21:05:58.792496+00	\N	2	2.8934° N	30.7656° E	99.14183886818394	t	3.2248940162961466
134	2023-07-01 21:05:58.842133+00	2023-07-01 21:05:58.842133+00	\N	2	2.8272° N	30.2309° E	87.84292383456614	t	5.026448802482591
135	2023-07-01 21:05:58.892753+00	2023-07-01 21:05:58.892753+00	\N	2	2.2031° N	30.9171° E	61.04574261304426	t	7.011915134361365
136	2023-07-01 21:05:58.942709+00	2023-07-01 21:05:58.942709+00	\N	1	2.2932° N	30.2492° E	77.21027713207744	f	3.022504836596412
137	2023-07-01 21:05:58.99383+00	2023-07-01 21:05:58.99383+00	\N	1	2.7797° N	30.3793° E	71.90687752326774	t	7.410652002792811
138	2023-07-01 21:05:59.043766+00	2023-07-01 21:05:59.043766+00	\N	1	2.7821° N	31.0595° E	62.12844079528477	t	7.713240086494203
139	2023-07-01 21:05:59.095524+00	2023-07-01 21:05:59.095524+00	\N	1	2.0051° N	30.5943° E	47.56417495975008	f	4.093969518082943
140	2023-07-01 21:05:59.145467+00	2023-07-01 21:05:59.145467+00	\N	2	2.8102° N	30.2672° E	2.963685033081313	f	5.537871550025848
141	2023-07-01 21:05:59.196733+00	2023-07-01 21:05:59.196733+00	\N	2	2.2992° N	30.1242° E	93.38440311505418	f	7.721771110876804
142	2023-07-01 21:05:59.246715+00	2023-07-01 21:05:59.246715+00	\N	2	2.9094° N	31.0409° E	6.653781568689486	f	2.2256311777365814
143	2023-07-01 21:05:59.298151+00	2023-07-01 21:05:59.298151+00	\N	1	2.7509° N	30.9301° E	6.449502801720203	t	4.954588556885303
144	2023-07-01 21:05:59.348481+00	2023-07-01 21:05:59.348481+00	\N	1	2.8706° N	31.0599° E	76.04621340552329	f	6.5355393322674304
145	2023-07-01 21:05:59.398851+00	2023-07-01 21:05:59.398851+00	\N	1	2.0581° N	30.5447° E	73.837284583668	f	7.463430384454305
146	2023-07-01 21:05:59.449864+00	2023-07-01 21:05:59.449864+00	\N	1	2.5418° N	30.9277° E	32.190538587280535	f	7.629595473186043
147	2023-07-01 21:05:59.499865+00	2023-07-01 21:05:59.499865+00	\N	1	2.8143° N	30.8775° E	12.319480057930678	t	4.375932681210843
148	2023-07-01 21:05:59.551013+00	2023-07-01 21:05:59.551013+00	\N	2	2.1094° N	30.2552° E	77.09816642834517	f	3.355402206952898
149	2023-07-01 21:05:59.600583+00	2023-07-01 21:05:59.600583+00	\N	2	2.1966° N	30.3561° E	78.13873587860166	t	2.4200925790497125
150	2023-07-01 21:05:59.651072+00	2023-07-01 21:05:59.651072+00	\N	2	2.7936° N	30.9154° E	6.307877917105192	f	7.574149533351755
151	2023-07-01 21:05:59.702509+00	2023-07-01 21:05:59.702509+00	\N	2	2.2098° N	30.8419° E	84.21534739791366	f	6.237400898941527
152	2023-07-01 21:05:59.75328+00	2023-07-01 21:05:59.75328+00	\N	1	2.5375° N	30.1656° E	63.65497144912313	f	5.681494860580301
153	2023-07-01 21:05:59.804208+00	2023-07-01 21:05:59.804208+00	\N	2	2.0430° N	30.8308° E	69.55502020969394	f	8.99823009665601
154	2023-07-01 21:05:59.854942+00	2023-07-01 21:05:59.854942+00	\N	2	2.0998° N	30.1198° E	85.79651004190897	f	0.44763819242781566
155	2023-07-01 21:05:59.905627+00	2023-07-01 21:05:59.905627+00	\N	2	1.9737° N	30.8496° E	50.91590382002402	f	9.154381580959702
156	2023-07-01 21:05:59.95631+00	2023-07-01 21:05:59.95631+00	\N	2	2.0224° N	30.1145° E	16.063883346230668	f	8.67047124158496
157	2023-07-01 21:06:00.00777+00	2023-07-01 21:06:00.00777+00	\N	2	2.4446° N	30.6531° E	85.2831888087577	f	8.126082753443908
158	2023-07-01 21:06:00.055978+00	2023-07-01 21:06:00.055978+00	\N	2	2.4516° N	30.8031° E	99.2090124686679	t	8.358897996779536
159	2023-07-01 21:06:00.106464+00	2023-07-01 21:06:00.106464+00	\N	2	2.7032° N	30.3485° E	45.23260618413097	f	9.147393869258124
160	2023-07-01 21:06:00.156686+00	2023-07-01 21:06:00.156686+00	\N	1	2.3991° N	30.3345° E	25.930067743134366	t	6.13769731076207
161	2023-07-01 21:06:00.207187+00	2023-07-01 21:06:00.207187+00	\N	1	2.3027° N	30.6678° E	78.7225937614752	t	2.986725413436682
162	2023-07-01 21:06:00.257549+00	2023-07-01 21:06:00.257549+00	\N	2	2.3990° N	30.1161° E	18.403875160823286	t	1.8167918659012694
163	2023-07-01 21:06:00.307986+00	2023-07-01 21:06:00.307986+00	\N	2	2.2239° N	30.0711° E	70.76618518899615	f	3.477621609030306
164	2023-07-01 21:06:00.37239+00	2023-07-01 21:06:00.37239+00	\N	2	2.2013° N	30.5431° E	11.931937239239758	f	5.32340254485765
165	2023-07-01 21:06:00.413977+00	2023-07-01 21:06:00.413977+00	\N	2	2.8472° N	30.6324° E	7.743263203324611	f	3.787088473948537
166	2023-07-01 21:06:00.463567+00	2023-07-01 21:06:00.463567+00	\N	2	2.8548° N	30.8669° E	79.75455394692437	f	3.992094820486069
167	2023-07-01 21:06:00.512458+00	2023-07-01 21:06:00.512458+00	\N	1	2.8659° N	30.7355° E	76.46838591507769	t	5.190512026886413
168	2023-07-01 21:06:00.56279+00	2023-07-01 21:06:00.56279+00	\N	1	2.2660° N	31.0169° E	33.56667173859342	t	4.587537584612241
169	2023-07-01 21:06:00.613349+00	2023-07-01 21:06:00.613349+00	\N	1	2.5719° N	30.3068° E	14.023303927495014	t	6.736395804244147
170	2023-07-01 21:06:00.665128+00	2023-07-01 21:06:00.665128+00	\N	2	2.8920° N	30.2344° E	85.53169160152801	f	8.754086777571946
171	2023-07-01 21:06:00.715472+00	2023-07-01 21:06:00.715472+00	\N	2	2.6800° N	31.0150° E	7.901820205706035	f	3.225151267099836
172	2023-07-01 21:06:00.765583+00	2023-07-01 21:06:00.765583+00	\N	1	2.7388° N	30.2601° E	3.6746762812896274	f	5.452907713710465
173	2023-07-01 21:06:00.816436+00	2023-07-01 21:06:00.816436+00	\N	2	2.6404° N	30.2355° E	58.704831572075555	f	2.4967063057902688
174	2023-07-01 21:06:00.867029+00	2023-07-01 21:06:00.867029+00	\N	1	2.9137° N	30.3761° E	24.518094000161703	f	6.673596559802224
175	2023-07-01 21:06:00.916413+00	2023-07-01 21:06:00.916413+00	\N	2	2.6703° N	30.3811° E	69.8338794583135	t	3.923142745567074
176	2023-07-01 21:06:00.967204+00	2023-07-01 21:06:00.967204+00	\N	2	2.4184° N	30.2788° E	96.07631678274002	t	7.063220793886952
177	2023-07-01 21:06:01.018244+00	2023-07-01 21:06:01.018244+00	\N	2	2.3113° N	30.5378° E	26.9160081751544	t	0.77221631713145
178	2023-07-01 21:06:01.069368+00	2023-07-01 21:06:01.069368+00	\N	2	2.8839° N	30.3493° E	27.565872534340013	f	1.0701494902825879
179	2023-07-01 21:06:01.120249+00	2023-07-01 21:06:01.120249+00	\N	1	2.5333° N	30.3311° E	4.868545728644494	f	7.795402699829669
180	2023-07-01 21:06:01.171387+00	2023-07-01 21:06:01.171387+00	\N	2	2.5049° N	30.8252° E	7.194366532168287	t	6.119252696428146
181	2023-07-01 21:06:01.220682+00	2023-07-01 21:06:01.220682+00	\N	2	2.7388° N	30.8184° E	12.607129208982151	f	3.9948274424695915
182	2023-07-01 21:06:01.271089+00	2023-07-01 21:06:01.271089+00	\N	1	2.6552° N	30.1602° E	63.12359996225388	t	6.8249473644216865
183	2023-07-01 21:06:01.321925+00	2023-07-01 21:06:01.321925+00	\N	2	2.4639° N	30.7251° E	59.27496282652288	f	0.6177523184778276
184	2023-07-01 21:06:01.371124+00	2023-07-01 21:06:01.371124+00	\N	1	2.2176° N	30.6369° E	15.50262983449622	f	1.5885581525401609
185	2023-07-01 21:06:01.422729+00	2023-07-01 21:06:01.422729+00	\N	2	2.1825° N	30.6779° E	99.4212256009329	t	9.068704225975816
186	2023-07-01 21:06:01.47313+00	2023-07-01 21:06:01.47313+00	\N	2	2.8389° N	30.1791° E	88.71691066676122	t	4.825422511103862
187	2023-07-01 21:06:01.52376+00	2023-07-01 21:06:01.52376+00	\N	2	2.5635° N	30.3326° E	56.20422928091243	t	7.310514812684465
188	2023-07-01 21:06:01.574296+00	2023-07-01 21:06:01.574296+00	\N	1	2.0961° N	30.3877° E	81.74675081337645	t	1.082733934632243
189	2023-07-01 21:06:01.625503+00	2023-07-01 21:06:01.625503+00	\N	2	2.0341° N	30.2996° E	81.36178947077345	f	9.0516780114666
190	2023-07-01 21:06:01.674584+00	2023-07-01 21:06:01.674584+00	\N	1	2.6940° N	30.3152° E	45.801795615806604	t	0.14777792762091368
191	2023-07-01 21:06:01.725392+00	2023-07-01 21:06:01.725392+00	\N	1	2.6573° N	30.5813° E	18.359619276770683	t	1.6146303726328863
192	2023-07-01 21:06:01.774743+00	2023-07-01 21:06:01.774743+00	\N	2	2.5020° N	30.7247° E	74.46636416109388	t	7.945698452873907
193	2023-07-01 21:06:01.825332+00	2023-07-01 21:06:01.825332+00	\N	1	2.0962° N	30.9289° E	26.061588284308986	f	5.8248690808928
194	2023-07-01 21:06:01.876082+00	2023-07-01 21:06:01.876082+00	\N	2	2.2486° N	30.7108° E	41.94578136421253	f	9.341893768120492
195	2023-07-01 21:06:01.927045+00	2023-07-01 21:06:01.927045+00	\N	2	2.8040° N	31.0071° E	54.96250301609514	f	6.888191379883492
196	2023-07-01 21:06:01.976789+00	2023-07-01 21:06:01.976789+00	\N	2	2.3262° N	30.2535° E	91.95886796562182	f	5.7832468525412555
197	2023-07-01 21:06:02.028035+00	2023-07-01 21:06:02.028035+00	\N	1	2.0686° N	30.2093° E	43.02831994963109	f	5.696752987499368
198	2023-07-01 21:06:02.077996+00	2023-07-01 21:06:02.077996+00	\N	2	2.2039° N	30.2463° E	25.957586659650595	f	9.79144035973267
199	2023-07-01 21:06:02.12956+00	2023-07-01 21:06:02.12956+00	\N	2	1.9972° N	30.4369° E	68.88808022093144	f	2.1522692975421838
200	2023-07-01 21:06:02.181229+00	2023-07-01 21:06:02.181229+00	\N	1	2.4103° N	30.4394° E	39.01191216870511	f	2.7757004820531073
201	2023-07-01 21:06:02.231169+00	2023-07-01 21:06:02.231169+00	\N	1	2.2781° N	30.8365° E	39.89037750887037	f	6.278358378022782
202	2023-07-01 21:06:02.281807+00	2023-07-01 21:06:02.281807+00	\N	2	2.3536° N	31.0180° E	81.73887685210975	f	6.0525864359246775
203	2023-07-01 21:06:02.330706+00	2023-07-01 21:06:02.330706+00	\N	2	2.2308° N	30.3513° E	94.94328948999505	t	8.401268850026156
204	2023-07-01 21:06:02.382105+00	2023-07-01 21:06:02.382105+00	\N	1	2.3442° N	30.9906° E	93.53111119501266	f	2.3758241790051864
205	2023-07-01 21:06:02.432564+00	2023-07-01 21:06:02.432564+00	\N	2	2.7141° N	31.0156° E	59.6019764380793	f	3.484983878267296
206	2023-07-01 21:06:02.483795+00	2023-07-01 21:06:02.483795+00	\N	1	2.4691° N	30.9389° E	59.17845104093601	f	9.014559562173204
207	2023-07-01 21:06:02.534141+00	2023-07-01 21:06:02.534141+00	\N	2	2.8539° N	30.0736° E	47.90437987001066	f	7.859966135762076
208	2023-07-01 21:06:02.583393+00	2023-07-01 21:06:02.583393+00	\N	2	2.8880° N	31.0076° E	96.37930522313073	t	5.237169963420759
209	2023-07-01 21:06:02.633793+00	2023-07-01 21:06:02.633793+00	\N	2	2.4746° N	30.5036° E	35.573147325828316	t	7.314692711609082
210	2023-07-01 21:06:02.683525+00	2023-07-01 21:06:02.683525+00	\N	2	2.5183° N	30.6380° E	22.805123858494234	t	4.344934510903576
211	2023-07-01 21:06:02.734071+00	2023-07-01 21:06:02.734071+00	\N	1	2.8667° N	30.3787° E	10.83376051599429	f	2.439832522030541
212	2023-07-01 21:06:02.785456+00	2023-07-01 21:06:02.785456+00	\N	2	2.5724° N	30.9605° E	51.108841429749916	t	2.989009918046065
213	2023-07-01 21:06:02.834459+00	2023-07-01 21:06:02.834459+00	\N	2	2.8528° N	30.5252° E	3.3968708203366234	f	7.03497886600016
214	2023-07-01 21:06:02.884871+00	2023-07-01 21:06:02.884871+00	\N	1	2.7139° N	30.9095° E	99.97988258168962	f	5.149347163751097
215	2023-07-01 21:06:02.93686+00	2023-07-01 21:06:02.93686+00	\N	2	2.1546° N	30.7540° E	31.58837016426153	t	9.517407491465386
216	2023-07-01 21:06:02.987042+00	2023-07-01 21:06:02.987042+00	\N	1	2.4668° N	30.9235° E	60.881777202339684	t	7.040469946194357
217	2023-07-01 21:06:03.038199+00	2023-07-01 21:06:03.038199+00	\N	1	2.7685° N	30.3679° E	85.89350176293496	f	6.712022583791657
218	2023-07-01 21:06:03.08797+00	2023-07-01 21:06:03.08797+00	\N	2	2.4369° N	30.5376° E	16.64522242177337	t	9.419911648765318
219	2023-07-01 21:06:03.138971+00	2023-07-01 21:06:03.138971+00	\N	1	2.8364° N	30.3586° E	95.29654286298886	f	7.730062024491197
220	2023-07-01 21:06:03.18902+00	2023-07-01 21:06:03.18902+00	\N	2	2.8372° N	30.9704° E	33.16468039031201	t	3.1204376179508753
221	2023-07-01 21:06:03.238669+00	2023-07-01 21:06:03.238669+00	\N	1	2.4844° N	30.9261° E	88.01052989854799	t	7.8141948735078355
222	2023-07-01 21:06:03.289393+00	2023-07-01 21:06:03.289393+00	\N	2	2.0699° N	30.6866° E	87.30636565742788	t	2.8112155263876644
223	2023-07-01 21:06:03.340319+00	2023-07-01 21:06:03.340319+00	\N	1	2.4085° N	30.5891° E	15.821386874357355	t	0.8830149587795667
224	2023-07-01 21:06:03.391292+00	2023-07-01 21:06:03.391292+00	\N	1	2.5965° N	30.9487° E	50.244246475288804	f	1.2028767092968857
225	2023-07-01 21:06:03.440972+00	2023-07-01 21:06:03.440972+00	\N	2	2.0339° N	30.9632° E	87.64533944039776	t	6.8957593752839195
226	2023-07-01 21:06:03.491741+00	2023-07-01 21:06:03.491741+00	\N	2	1.9387° N	30.8618° E	98.61779656073037	t	8.237798853463305
227	2023-07-01 21:06:03.542236+00	2023-07-01 21:06:03.542236+00	\N	2	2.2156° N	30.4890° E	4.852069263582426	t	6.021759603104289
228	2023-07-01 21:06:03.591678+00	2023-07-01 21:06:03.591678+00	\N	1	2.3024° N	30.9643° E	83.84867731707138	f	4.081556168980958
229	2023-07-01 21:06:03.643059+00	2023-07-01 21:06:03.643059+00	\N	1	2.3868° N	30.1854° E	10.05839629686318	f	4.863341833103147
230	2023-07-01 21:06:03.694927+00	2023-07-01 21:06:03.694927+00	\N	1	2.7935° N	31.0211° E	60.34856006065768	f	8.562756675363842
231	2023-07-01 21:06:03.744983+00	2023-07-01 21:06:03.744983+00	\N	2	2.1145° N	31.0113° E	34.59083967052111	f	7.069088760005187
232	2023-07-01 21:06:03.799614+00	2023-07-01 21:06:03.799614+00	\N	2	2.3079° N	30.1646° E	12.056283291443748	f	6.2007276600419035
233	2023-07-01 21:06:03.849278+00	2023-07-01 21:06:03.849278+00	\N	2	2.7957° N	30.7741° E	13.931345613240584	f	9.459929964177817
234	2023-07-01 21:06:03.89948+00	2023-07-01 21:06:03.89948+00	\N	1	2.2205° N	30.1317° E	31.736660062512573	f	8.42232583348609
235	2023-07-01 21:06:03.950494+00	2023-07-01 21:06:03.950494+00	\N	2	2.5152° N	30.8623° E	61.971735907522294	t	0.10003047815757604
236	2023-07-01 21:06:03.999851+00	2023-07-01 21:06:03.999851+00	\N	1	1.9694° N	30.3479° E	60.84168632968403	t	4.553787566762855
237	2023-07-01 21:06:04.051903+00	2023-07-01 21:06:04.051903+00	\N	2	2.6246° N	30.5847° E	61.523993566635205	f	3.0349281678084976
238	2023-07-01 21:06:04.101425+00	2023-07-01 21:06:04.101425+00	\N	1	2.5719° N	30.7043° E	77.16533538329546	t	6.226198777003718
239	2023-07-01 21:06:04.1531+00	2023-07-01 21:06:04.1531+00	\N	1	2.9047° N	30.4946° E	25.138281792569146	t	1.311629524914797
240	2023-07-01 21:06:04.204254+00	2023-07-01 21:06:04.204254+00	\N	2	2.1142° N	30.0693° E	4.607913522810734	f	2.346171123531609
241	2023-07-01 21:06:04.255595+00	2023-07-01 21:06:04.255595+00	\N	1	1.9454° N	30.6290° E	39.078428123040545	f	5.330800888996458
242	2023-07-01 21:06:04.306392+00	2023-07-01 21:06:04.306392+00	\N	1	2.0015° N	31.0075° E	84.67822930486223	t	0.8624027406568355
243	2023-07-01 21:06:04.356959+00	2023-07-01 21:06:04.356959+00	\N	1	2.4558° N	30.6091° E	74.14995724941835	t	3.5271170245872554
244	2023-07-01 21:06:04.40684+00	2023-07-01 21:06:04.40684+00	\N	1	2.1860° N	30.8601° E	94.1217393317775	f	1.252916520696596
245	2023-07-01 21:06:04.457437+00	2023-07-01 21:06:04.457437+00	\N	2	2.6409° N	30.2158° E	62.52047708458437	f	0.03131337697119504
246	2023-07-01 21:06:04.508352+00	2023-07-01 21:06:04.508352+00	\N	2	2.0102° N	30.4657° E	6.9791444837298755	t	5.135086454161626
247	2023-07-01 21:06:04.55858+00	2023-07-01 21:06:04.55858+00	\N	1	2.2330° N	30.2996° E	45.2535411332081	f	0.3052376753620546
248	2023-07-01 21:06:04.609677+00	2023-07-01 21:06:04.609677+00	\N	1	2.4677° N	30.5495° E	89.96916062235113	f	6.489263484502752
249	2023-07-01 21:06:04.660715+00	2023-07-01 21:06:04.660715+00	\N	1	2.6308° N	30.0795° E	99.71915871583512	f	7.350705424850963
250	2023-07-01 21:06:04.712048+00	2023-07-01 21:06:04.712048+00	\N	2	2.1948° N	30.5642° E	55.29638313664529	f	3.6913685354134134
251	2023-07-01 21:06:04.763568+00	2023-07-01 21:06:04.763568+00	\N	2	2.4449° N	30.2721° E	49.865484913288014	f	9.735616986313772
252	2023-07-01 21:06:04.81373+00	2023-07-01 21:06:04.81373+00	\N	1	2.0220° N	30.2412° E	19.092900714894892	f	8.660580578189151
253	2023-07-01 21:06:04.865768+00	2023-07-01 21:06:04.865768+00	\N	1	2.7889° N	30.4535° E	82.95056898872657	t	8.204729566655383
254	2023-07-01 21:06:04.915252+00	2023-07-01 21:06:04.915252+00	\N	1	2.0907° N	30.6967° E	89.91108454660744	f	2.297034086128817
255	2023-07-01 21:06:04.966375+00	2023-07-01 21:06:04.966375+00	\N	2	2.7330° N	30.9613° E	40.349457181177414	f	9.696082249419046
256	2023-07-01 21:06:05.01676+00	2023-07-01 21:06:05.01676+00	\N	2	2.8373° N	30.5382° E	19.59151350294885	t	9.85144432593631
257	2023-07-01 21:06:05.067383+00	2023-07-01 21:06:05.067383+00	\N	1	1.9449° N	30.3964° E	28.019939967030943	t	1.4336499583189566
258	2023-07-01 21:06:05.117394+00	2023-07-01 21:06:05.117394+00	\N	2	2.0264° N	30.8735° E	64.55090728962342	t	1.2683077792510482
259	2023-07-01 21:06:05.169294+00	2023-07-01 21:06:05.169294+00	\N	1	1.9878° N	30.2851° E	84.31703817282128	f	1.216765154338688
260	2023-07-01 21:06:05.220291+00	2023-07-01 21:06:05.220291+00	\N	1	2.4243° N	30.3482° E	6.677672328778335	f	1.1696800125773954
261	2023-07-01 21:06:05.271611+00	2023-07-01 21:06:05.271611+00	\N	2	2.1474° N	30.4808° E	83.29922714951752	t	4.276314265470819
262	2023-07-01 21:06:05.321538+00	2023-07-01 21:06:05.321538+00	\N	2	2.7446° N	30.1368° E	22.25204258003339	f	8.677819902181689
263	2023-07-01 21:06:05.372434+00	2023-07-01 21:06:05.372434+00	\N	2	2.6362° N	30.2002° E	89.70611073392139	t	3.003253710045966
264	2023-07-01 21:06:05.423166+00	2023-07-01 21:06:05.423166+00	\N	1	1.9850° N	30.2959° E	15.375764520896821	t	5.957655761808277
265	2023-07-01 21:06:05.473433+00	2023-07-01 21:06:05.473433+00	\N	2	2.9021° N	30.1043° E	43.70788175211423	t	4.8163628369011855
266	2023-07-01 21:06:05.523029+00	2023-07-01 21:06:05.523029+00	\N	2	2.0128° N	30.2892° E	13.88775575860574	f	1.6432915726103727
267	2023-07-01 21:06:05.573981+00	2023-07-01 21:06:05.573981+00	\N	2	2.7243° N	30.7662° E	86.91884631281077	f	4.243635419641479
268	2023-07-01 21:06:05.624709+00	2023-07-01 21:06:05.624709+00	\N	1	2.2901° N	30.2770° E	51.2021113630586	t	5.777654332078711
269	2023-07-01 21:06:05.675777+00	2023-07-01 21:06:05.675777+00	\N	1	2.4030° N	30.4843° E	55.83213802824437	t	0.33287896703250525
270	2023-07-01 21:06:05.725523+00	2023-07-01 21:06:05.725523+00	\N	2	2.7305° N	30.8222° E	24.363548030981423	t	0.8864681903761342
271	2023-07-01 21:06:05.775738+00	2023-07-01 21:06:05.775738+00	\N	1	2.7992° N	30.7116° E	51.24782684360433	t	0.628609395002929
272	2023-07-01 21:06:05.8259+00	2023-07-01 21:06:05.8259+00	\N	2	2.9112° N	30.6338° E	61.77977703966121	f	8.717745287526808
273	2023-07-01 21:06:05.876126+00	2023-07-01 21:06:05.876126+00	\N	1	2.8496° N	30.4710° E	26.734214157366637	f	8.390203523759558
274	2023-07-01 21:06:05.92649+00	2023-07-01 21:06:05.92649+00	\N	2	2.5464° N	30.1785° E	15.189393928172489	f	8.492011485849904
275	2023-07-01 21:06:05.977824+00	2023-07-01 21:06:05.977824+00	\N	1	2.1256° N	30.5301° E	76.97193452901949	f	3.3134435059971166
276	2023-07-01 21:06:06.028504+00	2023-07-01 21:06:06.028504+00	\N	2	2.2727° N	30.6565° E	26.455863208840608	t	7.722915865573341
277	2023-07-01 21:06:06.079467+00	2023-07-01 21:06:06.079467+00	\N	2	2.3627° N	30.2553° E	12.130708906744257	f	0.04055147516296828
278	2023-07-01 21:06:06.130086+00	2023-07-01 21:06:06.130086+00	\N	2	2.7285° N	31.0614° E	25.31446052036402	t	3.623422124736566
279	2023-07-01 21:06:06.180206+00	2023-07-01 21:06:06.180206+00	\N	1	2.7133° N	30.9599° E	1.4014833401720088	f	0.2249108145183764
280	2023-07-01 21:06:06.231652+00	2023-07-01 21:06:06.231652+00	\N	1	2.4203° N	30.5056° E	40.17507583740021	f	0.4818166481298309
281	2023-07-01 21:06:06.284393+00	2023-07-01 21:06:06.284393+00	\N	2	2.8131° N	30.6449° E	72.03574397777888	t	9.883278185322768
282	2023-07-01 21:06:06.331723+00	2023-07-01 21:06:06.331723+00	\N	2	2.8203° N	30.3242° E	63.76379678747649	f	2.269885348713534
283	2023-07-01 21:06:06.383519+00	2023-07-01 21:06:06.383519+00	\N	1	2.3157° N	30.0887° E	14.159511257225546	t	4.618363169811665
284	2023-07-01 21:06:06.433729+00	2023-07-01 21:06:06.433729+00	\N	2	2.7750° N	30.2165° E	66.12510094846135	f	5.04528094995991
285	2023-07-01 21:06:06.484196+00	2023-07-01 21:06:06.484196+00	\N	2	2.8902° N	30.4788° E	76.22065695534491	t	0.0005240012892650128
286	2023-07-01 21:06:06.534613+00	2023-07-01 21:06:06.534613+00	\N	2	2.7239° N	30.5471° E	57.144604587642576	f	8.078078139793393
287	2023-07-01 21:06:06.584782+00	2023-07-01 21:06:06.584782+00	\N	2	2.3735° N	30.5020° E	58.69393608281882	t	4.493669461515715
288	2023-07-01 21:06:06.635633+00	2023-07-01 21:06:06.635633+00	\N	2	1.9727° N	30.7797° E	46.95959133709965	t	4.812651530647862
289	2023-07-01 21:06:06.68616+00	2023-07-01 21:06:06.68616+00	\N	1	2.8148° N	30.5788° E	80.43067291435032	t	4.890011133728055
290	2023-07-01 21:06:06.737018+00	2023-07-01 21:06:06.737018+00	\N	2	2.6790° N	30.2894° E	41.84764921989025	f	9.36127975990657
291	2023-07-01 21:06:06.787969+00	2023-07-01 21:06:06.787969+00	\N	2	2.6251° N	30.8272° E	29.337942383504068	f	3.911196352547657
292	2023-07-01 21:06:06.837947+00	2023-07-01 21:06:06.837947+00	\N	1	2.7733° N	30.3008° E	66.10047941158017	t	1.15766598932193
293	2023-07-01 21:06:06.889587+00	2023-07-01 21:06:06.889587+00	\N	1	2.1070° N	30.6625° E	23.959757154860664	f	6.4314522614275305
294	2023-07-01 21:06:06.944378+00	2023-07-01 21:06:06.944378+00	\N	1	2.8119° N	30.8752° E	25.04510716206681	f	1.512592125325896
295	2023-07-01 21:06:06.990519+00	2023-07-01 21:06:06.990519+00	\N	2	2.3726° N	30.1136° E	91.61207581000946	t	3.729692048428814
296	2023-07-01 21:06:07.041729+00	2023-07-01 21:06:07.041729+00	\N	1	2.0127° N	30.3031° E	77.96708847648604	f	9.966572070881764
297	2023-07-01 21:06:07.092014+00	2023-07-01 21:06:07.092014+00	\N	2	2.7212° N	30.4297° E	53.71961265337972	t	3.7814563210959005
298	2023-07-01 21:06:07.141908+00	2023-07-01 21:06:07.141908+00	\N	2	2.4841° N	31.0647° E	24.657414180220137	f	6.2440657656203244
299	2023-07-01 21:06:07.19354+00	2023-07-01 21:06:07.19354+00	\N	2	2.2906° N	30.1543° E	71.27669645834189	t	1.8226305855490876
300	2023-07-01 21:06:07.244831+00	2023-07-01 21:06:07.244831+00	\N	1	2.2467° N	30.3569° E	62.69252466086551	f	5.819237693462104
301	2023-07-01 21:06:07.296259+00	2023-07-01 21:06:07.296259+00	\N	2	2.0071° N	30.5099° E	64.67424991344281	t	5.404067880966922
302	2023-07-01 21:06:07.34624+00	2023-07-01 21:06:07.34624+00	\N	1	1.9665° N	30.3933° E	79.47606452526422	t	1.414906511944833
303	2023-07-01 21:06:07.396451+00	2023-07-01 21:06:07.396451+00	\N	1	2.3234° N	30.6269° E	33.060060125825814	t	1.5094446887121071
304	2023-07-01 21:06:07.446968+00	2023-07-01 21:06:07.446968+00	\N	1	2.7934° N	30.4877° E	13.234983090042709	f	0.5931264883168346
305	2023-07-01 21:06:07.498151+00	2023-07-01 21:06:07.498151+00	\N	2	2.5134° N	30.5959° E	76.07957850797402	t	8.98109339812198
306	2023-07-01 21:06:07.54871+00	2023-07-01 21:06:07.54871+00	\N	1	2.8693° N	30.9610° E	18.06890614297317	t	5.103855635347307
307	2023-07-01 21:06:07.609498+00	2023-07-01 21:06:07.609498+00	\N	2	2.3748° N	31.0267° E	9.600733792861252	t	5.118820532867188
308	2023-07-01 21:06:07.650198+00	2023-07-01 21:06:07.650198+00	\N	2	1.9702° N	30.8517° E	16.567354583523507	f	4.722526493801723
309	2023-07-01 21:06:07.700306+00	2023-07-01 21:06:07.700306+00	\N	1	2.3504° N	30.3183° E	29.022783506856243	f	0.36322934452993755
310	2023-07-01 21:06:07.749987+00	2023-07-01 21:06:07.749987+00	\N	1	2.6778° N	30.2004° E	73.88440911832073	f	3.5064241900808173
311	2023-07-01 21:06:07.79992+00	2023-07-01 21:06:07.79992+00	\N	1	2.3057° N	30.1299° E	43.6480074078284	t	3.780727136499879
312	2023-07-01 21:06:07.851427+00	2023-07-01 21:06:07.851427+00	\N	2	1.9736° N	30.1610° E	57.19865797538378	f	2.0878592611296325
313	2023-07-01 21:06:07.903631+00	2023-07-01 21:06:07.903631+00	\N	1	2.0987° N	30.1268° E	16.72961726392442	t	2.5691913237586705
314	2023-07-01 21:06:07.952793+00	2023-07-01 21:06:07.952793+00	\N	2	2.2310° N	30.5606° E	13.698262972982263	t	1.8981911841813426
315	2023-07-01 21:06:08.004353+00	2023-07-01 21:06:08.004353+00	\N	1	2.0378° N	30.8771° E	80.5206613548394	f	2.428352373547464
316	2023-07-01 21:06:08.055294+00	2023-07-01 21:06:08.055294+00	\N	2	1.9579° N	30.3732° E	23.862046013779516	f	8.717421523342068
317	2023-07-01 21:06:08.105914+00	2023-07-01 21:06:08.105914+00	\N	2	2.3580° N	30.6596° E	71.960389838774	t	0.18628819224255616
318	2023-07-01 21:06:08.156265+00	2023-07-01 21:06:08.156265+00	\N	1	2.9149° N	30.7702° E	67.34376704141911	f	4.556467121476481
319	2023-07-01 21:06:08.206813+00	2023-07-01 21:06:08.206813+00	\N	2	2.1856° N	30.4059° E	85.58687816100078	t	8.673288877108366
320	2023-07-01 21:06:08.257668+00	2023-07-01 21:06:08.257668+00	\N	2	2.1220° N	30.8156° E	64.33526115060984	t	5.911985628000762
321	2023-07-01 21:06:08.30631+00	2023-07-01 21:06:08.30631+00	\N	2	1.9982° N	30.2986° E	17.5705871105119	t	5.514065986839048
322	2023-07-01 21:06:08.357623+00	2023-07-01 21:06:08.357623+00	\N	1	2.3848° N	30.3867° E	59.882057471858666	f	8.257614282328232
323	2023-07-01 21:06:08.406804+00	2023-07-01 21:06:08.406804+00	\N	2	2.3364° N	30.2040° E	44.79944729598639	t	5.545638753215125
324	2023-07-01 21:06:08.458125+00	2023-07-01 21:06:08.458125+00	\N	2	2.9068° N	30.9008° E	74.01476430802538	f	7.270432935194986
325	2023-07-01 21:06:08.508456+00	2023-07-01 21:06:08.508456+00	\N	1	2.1031° N	30.7490° E	30.75364504001274	f	1.5617747532339068
326	2023-07-01 21:06:08.558678+00	2023-07-01 21:06:08.558678+00	\N	1	2.5663° N	30.2121° E	29.697094309634064	f	6.900372667763337
327	2023-07-01 21:06:08.6088+00	2023-07-01 21:06:08.6088+00	\N	1	2.3849° N	31.0570° E	1.6684160847720113	t	1.7533711820587832
328	2023-07-01 21:06:08.66012+00	2023-07-01 21:06:08.66012+00	\N	1	2.4190° N	30.5726° E	43.822758787153646	t	2.1165049853619373
329	2023-07-01 21:06:08.711577+00	2023-07-01 21:06:08.711577+00	\N	1	2.2759° N	30.8942° E	35.291683222131745	f	9.129580015891749
330	2023-07-01 21:06:08.763064+00	2023-07-01 21:06:08.763064+00	\N	2	2.4794° N	31.0213° E	43.303303761676396	t	5.114521532299447
331	2023-07-01 21:06:08.813597+00	2023-07-01 21:06:08.813597+00	\N	1	2.7284° N	30.9236° E	16.05255013849373	f	1.3080352642609578
332	2023-07-01 21:06:08.864123+00	2023-07-01 21:06:08.864123+00	\N	2	2.8886° N	31.0523° E	24.346219909919416	t	2.3714529757211116
333	2023-07-01 21:06:08.914471+00	2023-07-01 21:06:08.914471+00	\N	2	2.7967° N	30.8872° E	42.84371172227773	t	8.322999578944941
334	2023-07-01 21:06:08.964475+00	2023-07-01 21:06:08.964475+00	\N	1	2.7987° N	30.4069° E	18.111524046808526	t	9.48440509560778
335	2023-07-01 21:06:09.01542+00	2023-07-01 21:06:09.01542+00	\N	2	2.7337° N	30.8395° E	11.569005276190557	f	3.139845848212807
336	2023-07-01 21:06:09.065303+00	2023-07-01 21:06:09.065303+00	\N	1	2.5906° N	30.5814° E	32.71994658093929	t	3.9865605043124033
337	2023-07-01 21:06:09.116433+00	2023-07-01 21:06:09.116433+00	\N	1	2.4289° N	30.4905° E	36.696011123127484	t	5.675915877989663
338	2023-07-01 21:06:09.167348+00	2023-07-01 21:06:09.167348+00	\N	1	2.3014° N	30.8704° E	13.320914296831393	t	9.355448303841605
339	2023-07-01 21:06:09.217393+00	2023-07-01 21:06:09.217393+00	\N	1	2.2593° N	30.3451° E	33.3037531003832	f	6.894485919270268
340	2023-07-01 21:06:09.268461+00	2023-07-01 21:06:09.268461+00	\N	2	2.8931° N	30.1860° E	0.8745170012558234	f	9.824853565190972
341	2023-07-01 21:06:09.318897+00	2023-07-01 21:06:09.318897+00	\N	2	2.8050° N	30.6171° E	49.091119045714315	f	5.816851487843175
342	2023-07-01 21:06:09.369404+00	2023-07-01 21:06:09.369404+00	\N	1	1.9536° N	30.0720° E	75.09449150341115	t	7.845540127994154
343	2023-07-01 21:06:09.418963+00	2023-07-01 21:06:09.418963+00	\N	2	2.4150° N	30.5097° E	71.12865359604689	f	0.6612883742534981
344	2023-07-01 21:06:09.47142+00	2023-07-01 21:06:09.47142+00	\N	2	2.4216° N	30.2102° E	94.27403344170665	t	4.237247792833678
345	2023-07-01 21:06:09.520193+00	2023-07-01 21:06:09.520193+00	\N	1	2.8325° N	30.4983° E	67.28111535356726	t	4.176815244599744
346	2023-07-01 21:06:09.571669+00	2023-07-01 21:06:09.571669+00	\N	2	2.6062° N	30.3528° E	76.90581079875136	t	6.797077891904497
347	2023-07-01 21:06:09.624081+00	2023-07-01 21:06:09.624081+00	\N	2	2.2711° N	30.6806° E	87.36674275777634	t	4.08741201719688
348	2023-07-01 21:06:09.673463+00	2023-07-01 21:06:09.673463+00	\N	1	2.4890° N	30.5045° E	14.21492821913232	f	3.013735436737403
349	2023-07-01 21:06:09.722513+00	2023-07-01 21:06:09.722513+00	\N	1	2.4241° N	30.7487° E	73.48014114830956	t	8.406767149837167
350	2023-07-01 21:06:09.774379+00	2023-07-01 21:06:09.774379+00	\N	2	2.3243° N	30.8201° E	69.7340360138861	f	7.101434760013136
351	2023-07-01 21:06:09.824699+00	2023-07-01 21:06:09.824699+00	\N	1	2.6305° N	30.2229° E	80.30828420052453	t	4.554597599360919
352	2023-07-01 21:06:09.876132+00	2023-07-01 21:06:09.876132+00	\N	2	2.5815° N	30.0853° E	38.81152214291647	f	5.579412622282517
353	2023-07-01 21:06:09.926301+00	2023-07-01 21:06:09.926301+00	\N	1	2.6856° N	30.6639° E	29.96932772919372	f	5.46774706044289
354	2023-07-01 21:06:09.975313+00	2023-07-01 21:06:09.975313+00	\N	2	2.2180° N	30.3911° E	7.107849091810536	t	8.417809098153416
355	2023-07-01 21:06:10.025521+00	2023-07-01 21:06:10.025521+00	\N	1	2.4807° N	30.2571° E	30.866164976315773	f	3.6950586001263193
356	2023-07-01 21:06:10.075111+00	2023-07-01 21:06:10.075111+00	\N	1	2.5134° N	30.2136° E	6.432611176996704	f	5.051747959827275
357	2023-07-01 21:06:10.128352+00	2023-07-01 21:06:10.128352+00	\N	2	2.5137° N	30.3454° E	4.606333456535777	f	5.358692767132158
358	2023-07-01 21:06:10.17764+00	2023-07-01 21:06:10.17764+00	\N	1	2.8564° N	30.2837° E	44.40648869534122	f	8.588091887109513
359	2023-07-01 21:06:10.227288+00	2023-07-01 21:06:10.227288+00	\N	2	2.1794° N	30.4133° E	61.89309113828615	t	2.6524373918896305
360	2023-07-01 21:06:10.277643+00	2023-07-01 21:06:10.277643+00	\N	2	2.2836° N	30.3076° E	48.14026839332152	t	5.820925248814381
361	2023-07-01 21:06:10.326844+00	2023-07-01 21:06:10.326844+00	\N	2	2.5659° N	30.7972° E	4.123359182498252	f	9.791075686359882
362	2023-07-01 21:06:10.379706+00	2023-07-01 21:06:10.379706+00	\N	1	2.3457° N	30.1492° E	87.95293890938369	f	3.8472447246181485
363	2023-07-01 21:06:10.428486+00	2023-07-01 21:06:10.428486+00	\N	1	2.7426° N	30.8933° E	39.311583664071584	t	3.249263583220964
364	2023-07-01 21:06:10.478936+00	2023-07-01 21:06:10.478936+00	\N	2	2.8661° N	30.2218° E	7.323062014902285	t	0.25866707838039643
365	2023-07-01 21:06:10.530045+00	2023-07-01 21:06:10.530045+00	\N	1	2.0610° N	30.9823° E	32.427460433792575	t	3.586394641386228
366	2023-07-01 21:06:10.580254+00	2023-07-01 21:06:10.580254+00	\N	2	2.3793° N	30.6233° E	58.149598399560354	t	2.541501653376029
367	2023-07-01 21:06:10.631472+00	2023-07-01 21:06:10.631472+00	\N	1	2.4684° N	30.6942° E	80.0302407369705	t	9.47512201846264
368	2023-07-01 21:06:10.681444+00	2023-07-01 21:06:10.681444+00	\N	1	2.5016° N	30.6801° E	60.34313518467494	t	0.7043832291650323
369	2023-07-01 21:06:10.732343+00	2023-07-01 21:06:10.732343+00	\N	1	2.8738° N	30.9747° E	74.57522413275125	t	0.7296340134541207
370	2023-07-01 21:06:10.782216+00	2023-07-01 21:06:10.782216+00	\N	1	2.5487° N	30.2601° E	52.10947136456515	f	6.802419577389244
371	2023-07-01 21:06:10.833972+00	2023-07-01 21:06:10.833972+00	\N	1	2.8839° N	31.0166° E	27.86904243884683	t	3.851950214373479
372	2023-07-01 21:06:10.884244+00	2023-07-01 21:06:10.884244+00	\N	1	2.2397° N	30.6192° E	5.603219611613141	t	8.500051841986094
373	2023-07-01 21:06:10.933904+00	2023-07-01 21:06:10.933904+00	\N	1	2.6680° N	30.2165° E	2.973267691697535	t	8.66252147723022
374	2023-07-01 21:06:10.986322+00	2023-07-01 21:06:10.986322+00	\N	1	2.7353° N	30.1912° E	14.926994051165924	t	2.323307022942066
375	2023-07-01 21:06:11.036544+00	2023-07-01 21:06:11.036544+00	\N	2	1.9973° N	30.5894° E	18.243190517788303	t	9.94195429380342
376	2023-07-01 21:06:11.087995+00	2023-07-01 21:06:11.087995+00	\N	2	2.3410° N	30.7671° E	71.31159147328853	t	9.612526627696061
377	2023-07-01 21:06:11.138686+00	2023-07-01 21:06:11.138686+00	\N	1	2.5983° N	30.5335° E	1.876054891913578	f	8.64196000582797
378	2023-07-01 21:06:11.187121+00	2023-07-01 21:06:11.187121+00	\N	2	2.4577° N	30.7298° E	48.36154050319535	f	1.548828526743482
379	2023-07-01 21:06:11.238653+00	2023-07-01 21:06:11.238653+00	\N	1	2.9201° N	30.6908° E	8.553406293606635	t	4.707351006841927
380	2023-07-01 21:06:11.288819+00	2023-07-01 21:06:11.288819+00	\N	2	2.1707° N	30.7917° E	64.46867187974864	t	3.347325240594008
381	2023-07-01 21:06:11.339869+00	2023-07-01 21:06:11.339869+00	\N	1	2.4208° N	30.8643° E	70.07914289991588	f	1.4430623393351236
382	2023-07-01 21:06:11.390073+00	2023-07-01 21:06:11.390073+00	\N	2	2.6440° N	30.3418° E	88.28262848790204	t	5.30806399304577
383	2023-07-01 21:06:11.439923+00	2023-07-01 21:06:11.439923+00	\N	2	2.6020° N	30.5178° E	37.50991935759102	t	6.2005269534039895
384	2023-07-01 21:06:11.49184+00	2023-07-01 21:06:11.49184+00	\N	2	2.7369° N	30.3813° E	56.62413462854071	f	5.472363009244833
385	2023-07-01 21:06:11.541117+00	2023-07-01 21:06:11.541117+00	\N	1	2.0377° N	30.5945° E	2.404372528228219	t	6.824322384490279
386	2023-07-01 21:06:11.592287+00	2023-07-01 21:06:11.592287+00	\N	2	1.9372° N	31.0027° E	46.05898014181572	t	8.853284805420303
387	2023-07-01 21:06:11.642462+00	2023-07-01 21:06:11.642462+00	\N	1	2.2638° N	30.4356° E	49.585559775232205	t	0.10621449675457613
388	2023-07-01 21:06:11.693264+00	2023-07-01 21:06:11.693264+00	\N	1	2.4097° N	30.2881° E	50.678699897705236	t	3.9733036338750667
389	2023-07-01 21:06:11.744066+00	2023-07-01 21:06:11.744066+00	\N	2	2.6603° N	30.1688° E	4.701535288901779	f	2.2701785069191582
390	2023-07-01 21:06:11.793355+00	2023-07-01 21:06:11.793355+00	\N	2	2.5046° N	30.3685° E	57.880634426956135	t	5.008274907749355
391	2023-07-01 21:06:11.845224+00	2023-07-01 21:06:11.845224+00	\N	2	2.2374° N	30.2267° E	97.61458227828652	t	8.063475304533892
392	2023-07-01 21:06:11.895324+00	2023-07-01 21:06:11.895324+00	\N	1	2.1627° N	30.4348° E	41.15529117228968	f	1.4782428484726244
393	2023-07-01 21:06:11.951468+00	2023-07-01 21:06:11.951468+00	\N	2	2.1208° N	30.3120° E	54.3590694211148	f	9.201609846491651
394	2023-07-01 21:06:11.997968+00	2023-07-01 21:06:11.997968+00	\N	2	2.3899° N	30.5383° E	95.81072820942595	f	9.600865851425777
395	2023-07-01 21:06:12.04766+00	2023-07-01 21:06:12.04766+00	\N	1	2.3873° N	30.7825° E	59.092926192301455	f	7.104970562616551
396	2023-07-01 21:06:12.099223+00	2023-07-01 21:06:12.099223+00	\N	1	2.0903° N	30.2128° E	54.400207309050955	f	8.360952831419574
397	2023-07-01 21:06:12.149645+00	2023-07-01 21:06:12.149645+00	\N	2	2.9094° N	30.5982° E	78.7416041335152	f	0.7882339837114212
398	2023-07-01 21:06:12.198806+00	2023-07-01 21:06:12.198806+00	\N	1	2.0610° N	30.4092° E	43.380846710997965	t	6.044810573502419
399	2023-07-01 21:06:12.250561+00	2023-07-01 21:06:12.250561+00	\N	2	2.9304° N	30.1609° E	3.0903035701011676	t	6.0925135232210845
400	2023-07-01 21:06:12.300336+00	2023-07-01 21:06:12.300336+00	\N	2	2.5791° N	30.2623° E	19.953075186510645	f	6.063967916100821
401	2023-07-01 21:06:12.352315+00	2023-07-01 21:06:12.352315+00	\N	2	2.4552° N	30.7462° E	25.999245232391605	t	6.3452261706032065
402	2023-07-01 21:06:12.4013+00	2023-07-01 21:06:12.4013+00	\N	1	2.3280° N	30.6423° E	85.05152390587494	t	5.7185559863639
403	2023-07-01 21:06:12.452984+00	2023-07-01 21:06:12.452984+00	\N	1	2.6430° N	30.6323° E	88.48874065857885	f	6.264610859781563
404	2023-07-01 21:06:12.502985+00	2023-07-01 21:06:12.502985+00	\N	2	2.2869° N	30.3122° E	87.20777452875552	f	2.5607133264288837
405	2023-07-01 21:06:12.551941+00	2023-07-01 21:06:12.551941+00	\N	1	2.1273° N	30.1886° E	68.59697538196849	t	2.438419803430042
406	2023-07-01 21:06:12.60453+00	2023-07-01 21:06:12.60453+00	\N	2	2.5642° N	30.2255° E	45.73022925581284	f	1.5577907343071171
407	2023-07-01 21:06:12.653632+00	2023-07-01 21:06:12.653632+00	\N	2	2.3290° N	30.9784° E	25.11086625994421	t	8.91597819481942
408	2023-07-01 21:06:12.705426+00	2023-07-01 21:06:12.705426+00	\N	1	2.3725° N	30.8896° E	10.848227973696265	f	2.2867537508841562
409	2023-07-01 21:06:12.755875+00	2023-07-01 21:06:12.755875+00	\N	1	2.2614° N	30.4252° E	32.74212717740206	t	3.360704798140257
410	2023-07-01 21:06:12.805374+00	2023-07-01 21:06:12.805374+00	\N	2	2.7657° N	30.5062° E	40.89724357789579	t	9.300405352493986
411	2023-07-01 21:06:12.85851+00	2023-07-01 21:06:12.85851+00	\N	1	1.9532° N	30.1665° E	37.397880473518605	f	8.801240925469846
412	2023-07-01 21:06:12.907302+00	2023-07-01 21:06:12.907302+00	\N	1	2.6038° N	30.6899° E	72.17651444221157	t	9.340677384063774
413	2023-07-01 21:06:12.958419+00	2023-07-01 21:06:12.958419+00	\N	2	2.0971° N	31.0512° E	85.86694298666305	f	5.117347339648814
414	2023-07-01 21:06:13.00833+00	2023-07-01 21:06:13.00833+00	\N	2	2.3188° N	30.2991° E	93.3624963530408	t	7.749200133079177
415	2023-07-01 21:06:13.059419+00	2023-07-01 21:06:13.059419+00	\N	2	2.2298° N	30.4340° E	81.30017184427534	f	6.960309003815846
416	2023-07-01 21:06:13.110943+00	2023-07-01 21:06:13.110943+00	\N	2	2.9232° N	30.8480° E	15.246949555238276	f	7.4589212728912955
417	2023-07-01 21:06:13.160453+00	2023-07-01 21:06:13.160453+00	\N	1	2.5685° N	30.4731° E	69.33319250501	t	7.332347931783004
418	2023-07-01 21:06:13.212378+00	2023-07-01 21:06:13.212378+00	\N	1	2.3616° N	30.3380° E	67.36874676133951	f	7.355782085519353
419	2023-07-01 21:06:13.261181+00	2023-07-01 21:06:13.261181+00	\N	1	2.3586° N	30.9111° E	1.4739591354230168	t	8.987561526458483
420	2023-07-01 21:06:13.314034+00	2023-07-01 21:06:13.314034+00	\N	2	2.4818° N	30.5479° E	53.236133890015445	t	3.0121053211749333
421	2023-07-01 21:06:13.363934+00	2023-07-01 21:06:13.363934+00	\N	2	2.7251° N	30.2462° E	3.2323566618580277	f	8.446735848314093
422	2023-07-01 21:06:13.413686+00	2023-07-01 21:06:13.413686+00	\N	1	2.0408° N	30.0894° E	72.49574237571075	t	1.3688562504403183
423	2023-07-01 21:06:13.464312+00	2023-07-01 21:06:13.464312+00	\N	1	2.7297° N	30.3790° E	33.693936384170414	f	9.71614953157928
424	2023-07-01 21:06:13.513338+00	2023-07-01 21:06:13.513338+00	\N	1	2.8207° N	30.6213° E	57.096623022085225	f	2.9138860983746184
425	2023-07-01 21:06:13.564166+00	2023-07-01 21:06:13.564166+00	\N	2	2.5861° N	30.5076° E	37.87683302758878	f	6.621760308058842
426	2023-07-01 21:06:13.614048+00	2023-07-01 21:06:13.614048+00	\N	1	2.8501° N	30.5678° E	82.17142951161571	t	7.8603909028942
427	2023-07-01 21:06:13.665532+00	2023-07-01 21:06:13.665532+00	\N	1	2.5144° N	30.8406° E	52.19529541100665	t	0.30384783851027614
428	2023-07-01 21:06:13.716021+00	2023-07-01 21:06:13.716021+00	\N	2	2.5592° N	31.0457° E	34.67959731213545	t	3.232739668023115
429	2023-07-01 21:06:13.765559+00	2023-07-01 21:06:13.765559+00	\N	1	2.4005° N	30.1691° E	86.73089181083249	t	7.445524773804207
430	2023-07-01 21:06:13.817643+00	2023-07-01 21:06:13.817643+00	\N	1	2.1447° N	30.9532° E	62.35839762162369	f	2.0697664819163917
431	2023-07-01 21:06:13.868632+00	2023-07-01 21:06:13.868632+00	\N	1	2.6237° N	30.2918° E	46.9110869336338	t	9.924918320738898
432	2023-07-01 21:06:13.918545+00	2023-07-01 21:06:13.918545+00	\N	1	2.8158° N	30.7437° E	34.902565203452745	t	7.620208913839491
433	2023-07-01 21:06:13.969947+00	2023-07-01 21:06:13.969947+00	\N	1	1.9527° N	31.0292° E	54.55852390029514	t	0.0653903285655686
434	2023-07-01 21:06:14.019442+00	2023-07-01 21:06:14.019442+00	\N	1	2.2958° N	30.3240° E	98.23967976113	t	2.610063808799292
435	2023-07-01 21:06:14.07154+00	2023-07-01 21:06:14.07154+00	\N	2	1.9809° N	30.1557° E	76.54255734805702	f	3.216532918127841
436	2023-07-01 21:06:14.120435+00	2023-07-01 21:06:14.120435+00	\N	2	2.3871° N	30.3645° E	93.58497229528811	t	2.2206494789940354
437	2023-07-01 21:06:14.171805+00	2023-07-01 21:06:14.171805+00	\N	1	2.2854° N	30.5270° E	22.106046029703293	f	6.785553056663964
438	2023-07-01 21:06:14.221834+00	2023-07-01 21:06:14.221834+00	\N	2	2.8679° N	30.7067° E	68.97782474513589	f	6.926997195779473
439	2023-07-01 21:06:14.273236+00	2023-07-01 21:06:14.273236+00	\N	1	2.2664° N	30.3516° E	6.278988221490148	t	2.5955055413629107
440	2023-07-01 21:06:14.322066+00	2023-07-01 21:06:14.322066+00	\N	1	2.2068° N	30.3494° E	65.75194013481975	t	3.6503913241003194
441	2023-07-01 21:06:14.371837+00	2023-07-01 21:06:14.371837+00	\N	1	2.4478° N	30.7336° E	96.90704840296449	f	8.357940080642646
442	2023-07-01 21:06:14.423772+00	2023-07-01 21:06:14.423772+00	\N	2	2.5939° N	30.7711° E	72.76877403681014	f	6.560336701668373
443	2023-07-01 21:06:14.474615+00	2023-07-01 21:06:14.474615+00	\N	1	2.3754° N	30.1624° E	39.13056288944937	t	5.202060535892642
444	2023-07-01 21:06:14.525692+00	2023-07-01 21:06:14.525692+00	\N	1	2.2931° N	30.1495° E	12.199235381626952	f	4.9084572749231015
445	2023-07-01 21:06:14.574903+00	2023-07-01 21:06:14.574903+00	\N	1	2.7974° N	30.1609° E	84.01761347025497	t	2.9338940601894645
446	2023-07-01 21:06:14.624114+00	2023-07-01 21:06:14.624114+00	\N	2	2.2589° N	30.5689° E	92.37362289161064	t	9.331960688108314
447	2023-07-01 21:06:14.675598+00	2023-07-01 21:06:14.675598+00	\N	2	2.8925° N	30.3707° E	93.357658366211	f	2.7353371839247553
448	2023-07-01 21:06:14.726201+00	2023-07-01 21:06:14.726201+00	\N	1	2.8103° N	30.9730° E	20.157668105499425	t	6.675730316270721
449	2023-07-01 21:06:14.778094+00	2023-07-01 21:06:14.778094+00	\N	1	1.9595° N	30.2455° E	2.4583259685866268	f	0.8708643133168903
450	2023-07-01 21:06:14.828153+00	2023-07-01 21:06:14.828153+00	\N	1	2.8711° N	30.8102° E	45.3059086455497	t	8.80658985184319
451	2023-07-01 21:06:14.8798+00	2023-07-01 21:06:14.8798+00	\N	1	2.1972° N	30.6981° E	29.531224389002304	f	7.350848247212936
452	2023-07-01 21:06:14.92937+00	2023-07-01 21:06:14.92937+00	\N	2	2.8226° N	30.9163° E	9.671633629319555	f	3.9967532182938466
453	2023-07-01 21:06:14.980737+00	2023-07-01 21:06:14.980737+00	\N	2	2.0762° N	30.6031° E	40.97069185010283	t	7.620475065219011
454	2023-07-01 21:06:15.030905+00	2023-07-01 21:06:15.030905+00	\N	2	2.9082° N	31.0443° E	50.33851054178059	t	5.853273296001075
455	2023-07-01 21:06:15.081284+00	2023-07-01 21:06:15.081284+00	\N	2	2.0635° N	30.6841° E	87.10936706321802	f	6.851363601339033
456	2023-07-01 21:06:15.131249+00	2023-07-01 21:06:15.131249+00	\N	2	2.4619° N	30.5407° E	55.21694685242045	t	7.424329662237616
457	2023-07-01 21:06:15.181132+00	2023-07-01 21:06:15.181132+00	\N	1	2.0867° N	30.5235° E	8.02805199332292	t	3.9812535102431523
458	2023-07-01 21:06:15.232597+00	2023-07-01 21:06:15.232597+00	\N	2	2.3109° N	30.5777° E	45.827971631935625	t	2.197197598964849
459	2023-07-01 21:06:15.281386+00	2023-07-01 21:06:15.281386+00	\N	1	2.6307° N	30.4982° E	3.0388896460920574	t	6.770209388878996
460	2023-07-01 21:06:15.332815+00	2023-07-01 21:06:15.332815+00	\N	1	2.3518° N	30.0843° E	35.047222195220854	t	3.095556383828164
461	2023-07-01 21:06:15.383492+00	2023-07-01 21:06:15.383492+00	\N	1	1.9495° N	30.1096° E	95.30279339943797	t	7.279652152512091
462	2023-07-01 21:06:15.433138+00	2023-07-01 21:06:15.433138+00	\N	2	2.6160° N	30.4418° E	25.317726116088053	t	4.96709366111529
463	2023-07-01 21:06:15.482805+00	2023-07-01 21:06:15.482805+00	\N	1	2.8339° N	30.2089° E	1.143445216801616	f	5.280565137688898
464	2023-07-01 21:06:15.533697+00	2023-07-01 21:06:15.533697+00	\N	1	2.5349° N	30.6082° E	87.61213380928865	f	0.47510364197924904
465	2023-07-01 21:06:15.583058+00	2023-07-01 21:06:15.583058+00	\N	1	1.9500° N	30.8949° E	76.1253349290091	f	6.296171825350111
466	2023-07-01 21:06:15.634616+00	2023-07-01 21:06:15.634616+00	\N	1	2.0093° N	30.4922° E	96.65489782531834	t	5.208944668573966
467	2023-07-01 21:06:15.686258+00	2023-07-01 21:06:15.686258+00	\N	2	2.2235° N	30.3540° E	86.21100685773503	t	5.236697239744434
468	2023-07-01 21:06:15.737675+00	2023-07-01 21:06:15.737675+00	\N	2	2.4313° N	30.7352° E	19.887869685571054	f	9.017358402439747
469	2023-07-01 21:06:15.788847+00	2023-07-01 21:06:15.788847+00	\N	2	2.8196° N	30.6032° E	92.39561117836577	f	8.259068267032442
470	2023-07-01 21:06:15.837665+00	2023-07-01 21:06:15.837665+00	\N	2	2.2405° N	30.2952° E	54.92956754235444	f	9.25430719000587
471	2023-07-01 21:06:15.890564+00	2023-07-01 21:06:15.890564+00	\N	1	2.2287° N	30.3409° E	56.62827551658434	f	2.282352844465051
472	2023-07-01 21:06:15.938839+00	2023-07-01 21:06:15.938839+00	\N	2	2.0691° N	30.8000° E	80.81042927203616	f	6.495422438074156
473	2023-07-01 21:06:15.988956+00	2023-07-01 21:06:15.988956+00	\N	2	2.3266° N	30.4001° E	12.65577308113636	t	9.42034179684849
474	2023-07-01 21:06:16.041003+00	2023-07-01 21:06:16.041003+00	\N	2	2.6983° N	30.1213° E	70.1485089148997	t	2.048639452859777
475	2023-07-01 21:06:16.091381+00	2023-07-01 21:06:16.091381+00	\N	2	2.4852° N	30.6099° E	90.3627661597947	t	4.954280522317626
476	2023-07-01 21:06:16.141103+00	2023-07-01 21:06:16.141103+00	\N	1	2.5825° N	30.3343° E	46.08598816159245	t	9.220481986841907
477	2023-07-01 21:06:16.191702+00	2023-07-01 21:06:16.191702+00	\N	1	2.6524° N	30.4635° E	67.36221093638346	f	2.4075919520412397
478	2023-07-01 21:06:16.242604+00	2023-07-01 21:06:16.242604+00	\N	2	2.9162° N	30.4903° E	9.468029796192162	t	1.813319338301206
479	2023-07-01 21:06:16.294731+00	2023-07-01 21:06:16.294731+00	\N	2	2.6689° N	30.5942° E	40.82597724214431	t	2.410086956918896
480	2023-07-01 21:06:16.345623+00	2023-07-01 21:06:16.345623+00	\N	1	2.5212° N	30.3111° E	50.46277663623503	f	2.0646952857374536
481	2023-07-01 21:06:16.396658+00	2023-07-01 21:06:16.396658+00	\N	1	2.2292° N	30.6223° E	25.34481896418837	t	1.1128591622057573
482	2023-07-01 21:06:16.446915+00	2023-07-01 21:06:16.446915+00	\N	1	2.4913° N	30.7728° E	8.892101278305216	f	5.183545373170027
483	2023-07-01 21:06:16.497052+00	2023-07-01 21:06:16.497052+00	\N	2	2.8652° N	30.4526° E	8.650268209328217	f	8.549428503463375
484	2023-07-01 21:06:16.547052+00	2023-07-01 21:06:16.547052+00	\N	2	2.8431° N	30.4247° E	56.35260765071014	t	2.8964089115400515
485	2023-07-01 21:06:16.597678+00	2023-07-01 21:06:16.597678+00	\N	2	2.8833° N	30.1265° E	20.944042004279854	f	7.493157061382988
486	2023-07-01 21:06:16.647758+00	2023-07-01 21:06:16.647758+00	\N	1	2.5152° N	30.5327° E	80.93470873240175	f	2.8691052226407217
487	2023-07-01 21:06:16.700443+00	2023-07-01 21:06:16.700443+00	\N	2	2.6123° N	30.9030° E	46.368404242178435	f	3.373092542503822
488	2023-07-01 21:06:16.750718+00	2023-07-01 21:06:16.750718+00	\N	1	2.8913° N	31.0498° E	73.92114099003145	t	6.863762731834223
489	2023-07-01 21:06:16.801457+00	2023-07-01 21:06:16.801457+00	\N	1	2.3707° N	31.0599° E	44.095480438477566	f	1.5035977121577748
490	2023-07-01 21:06:16.852469+00	2023-07-01 21:06:16.852469+00	\N	2	2.8024° N	30.2811° E	20.031806582178223	t	0.5104978929933464
491	2023-07-01 21:06:16.903304+00	2023-07-01 21:06:16.903304+00	\N	1	1.9458° N	30.9280° E	92.62878386303473	t	2.046312132475078
492	2023-07-01 21:06:16.954864+00	2023-07-01 21:06:16.954864+00	\N	2	2.2898° N	30.3006° E	83.88639126510166	t	3.9443942531646643
493	2023-07-01 21:06:17.005864+00	2023-07-01 21:06:17.005864+00	\N	2	2.8022° N	30.5662° E	89.94958961400108	f	5.3648313897247215
494	2023-07-01 21:06:17.054892+00	2023-07-01 21:06:17.054892+00	\N	1	2.7815° N	30.9184° E	54.0140637305874	f	3.9453844211612306
495	2023-07-01 21:06:17.106588+00	2023-07-01 21:06:17.106588+00	\N	1	2.6870° N	30.6070° E	64.62933700331351	f	4.729065046590176
496	2023-07-01 21:06:17.15735+00	2023-07-01 21:06:17.15735+00	\N	2	2.2401° N	30.3980° E	24.36777155837988	f	2.718011348305625
497	2023-07-01 21:06:17.207341+00	2023-07-01 21:06:17.207341+00	\N	2	2.1102° N	30.9554° E	31.472310162938545	t	4.618574448477309
498	2023-07-01 21:06:17.25805+00	2023-07-01 21:06:17.25805+00	\N	2	2.3081° N	30.4391° E	23.927556997294484	t	9.632021803468593
499	2023-07-01 21:06:17.307819+00	2023-07-01 21:06:17.307819+00	\N	2	2.1454° N	30.9530° E	1.010505925876955	f	2.6610149538480394
500	2023-07-01 21:06:17.358449+00	2023-07-01 21:06:17.358449+00	\N	1	2.2389° N	30.6457° E	96.9615048062298	f	1.4767996517122974
501	2023-07-01 21:06:17.409187+00	2023-07-01 21:06:17.409187+00	\N	1	2.5323° N	30.3942° E	44.75887172643518	f	7.331972761813617
502	2023-07-01 21:06:17.459874+00	2023-07-01 21:06:17.459874+00	\N	1	2.7528° N	30.3276° E	42.42269325006622	f	6.628153080085998
503	2023-07-01 21:06:17.510652+00	2023-07-01 21:06:17.510652+00	\N	1	2.3144° N	30.8561° E	80.36918121695228	t	7.37152731503668
504	2023-07-01 21:06:17.560641+00	2023-07-01 21:06:17.560641+00	\N	1	2.7296° N	30.9928° E	96.13641383313409	t	1.4835781662135084
505	2023-07-01 21:06:17.613367+00	2023-07-01 21:06:17.613367+00	\N	1	2.3484° N	30.0939° E	3.9114256596638866	f	5.932362437620703
506	2023-07-01 21:06:17.665073+00	2023-07-01 21:06:17.665073+00	\N	2	2.6186° N	30.5669° E	20.135101670660184	f	5.24491013442978
507	2023-07-01 21:06:17.713809+00	2023-07-01 21:06:17.713809+00	\N	2	1.9453° N	30.4222° E	89.4554901656011	f	7.675786411412044
508	2023-07-01 21:06:17.763772+00	2023-07-01 21:06:17.763772+00	\N	2	2.5491° N	30.9557° E	58.53490232355482	f	7.342512597894697
509	2023-07-01 21:06:17.813662+00	2023-07-01 21:06:17.813662+00	\N	1	2.6310° N	31.0306° E	88.24705050006278	f	4.458194150492091
510	2023-07-01 21:06:17.866023+00	2023-07-01 21:06:17.866023+00	\N	2	2.6568° N	30.4389° E	69.9328290062954	t	9.256854881661235
511	2023-07-01 21:06:17.916533+00	2023-07-01 21:06:17.916533+00	\N	2	2.1005° N	30.5253° E	99.89767357805327	f	8.424059435478291
512	2023-07-01 21:06:17.967014+00	2023-07-01 21:06:17.967014+00	\N	2	2.4100° N	30.6041° E	49.19438232053581	f	4.711597153118082
513	2023-07-01 21:06:18.016029+00	2023-07-01 21:06:18.016029+00	\N	1	2.5544° N	30.2575° E	60.34980613697824	t	6.390687184211421
514	2023-07-01 21:06:18.067684+00	2023-07-01 21:06:18.067684+00	\N	2	2.7084° N	30.1288° E	27.010997904459828	f	6.758047802437296
515	2023-07-01 21:06:18.118607+00	2023-07-01 21:06:18.118607+00	\N	1	2.2364° N	30.2747° E	87.50344842044022	f	3.3538336823972417
516	2023-07-01 21:06:18.169941+00	2023-07-01 21:06:18.169941+00	\N	2	2.3345° N	30.2852° E	82.0236715037297	t	0.2563819338881611
517	2023-07-01 21:06:18.22015+00	2023-07-01 21:06:18.22015+00	\N	2	2.0821° N	30.2815° E	28.4474648486042	f	4.881351204870654
518	2023-07-01 21:06:18.271094+00	2023-07-01 21:06:18.271094+00	\N	2	2.3146° N	30.3480° E	31.471180767796113	t	8.773733214693722
519	2023-07-01 21:06:18.320697+00	2023-07-01 21:06:18.320697+00	\N	2	2.5430° N	30.4336° E	46.93358705561258	f	5.079114965296968
520	2023-07-01 21:06:18.371178+00	2023-07-01 21:06:18.371178+00	\N	1	2.4786° N	30.6935° E	57.91821088916534	f	0.17590126118312116
521	2023-07-01 21:06:18.421896+00	2023-07-01 21:06:18.421896+00	\N	1	2.8989° N	30.1072° E	33.835806725544536	t	1.8641534832049347
522	2023-07-01 21:06:18.471863+00	2023-07-01 21:06:18.471863+00	\N	1	2.8559° N	30.7772° E	64.3972424231065	t	4.4694406919873
523	2023-07-01 21:06:18.52225+00	2023-07-01 21:06:18.52225+00	\N	1	2.8332° N	30.4116° E	33.42000994155872	f	2.6323861886887507
524	2023-07-01 21:06:18.573832+00	2023-07-01 21:06:18.573832+00	\N	2	2.5416° N	31.0411° E	72.33083812061057	t	6.496983668613332
525	2023-07-01 21:06:18.622277+00	2023-07-01 21:06:18.622277+00	\N	2	2.0887° N	30.1917° E	69.30802584103905	f	6.782110548150752
526	2023-07-01 21:06:18.673754+00	2023-07-01 21:06:18.673754+00	\N	2	2.7065° N	30.9225° E	67.82330271918597	t	5.321130792459615
527	2023-07-01 21:06:18.724068+00	2023-07-01 21:06:18.724068+00	\N	2	2.4035° N	30.0913° E	77.29054611240129	t	5.001145216708548
528	2023-07-01 21:06:18.775467+00	2023-07-01 21:06:18.775467+00	\N	1	2.8432° N	30.1628° E	14.047319294610217	t	3.9260638243028643
529	2023-07-01 21:06:18.824527+00	2023-07-01 21:06:18.824527+00	\N	2	2.3236° N	30.5441° E	20.076580203262722	t	0.424435274600767
530	2023-07-01 21:06:18.875228+00	2023-07-01 21:06:18.875228+00	\N	1	2.1920° N	30.8201° E	78.64020126701827	f	3.006404479633527
531	2023-07-01 21:06:18.925075+00	2023-07-01 21:06:18.925075+00	\N	2	2.5509° N	31.0240° E	9.241680806397039	f	9.222679164408651
532	2023-07-01 21:06:18.975586+00	2023-07-01 21:06:18.975586+00	\N	2	2.4088° N	31.0406° E	87.77959714044196	f	2.7217649521661906
533	2023-07-01 21:06:19.025524+00	2023-07-01 21:06:19.025524+00	\N	2	2.0265° N	30.2831° E	29.120038613811154	t	4.730821179748742
534	2023-07-01 21:06:19.076546+00	2023-07-01 21:06:19.076546+00	\N	1	2.4979° N	30.7691° E	36.56244542785374	t	7.120267329358504
535	2023-07-01 21:06:19.126793+00	2023-07-01 21:06:19.126793+00	\N	1	2.5438° N	30.5761° E	77.7838702209753	t	3.6878524752974777
536	2023-07-01 21:06:19.176253+00	2023-07-01 21:06:19.176253+00	\N	2	2.7237° N	30.1619° E	15.736537242547607	t	6.127148227100801
537	2023-07-01 21:06:19.226304+00	2023-07-01 21:06:19.226304+00	\N	2	2.3650° N	30.7217° E	72.36130064879374	t	6.527752972507098
538	2023-07-01 21:06:19.278029+00	2023-07-01 21:06:19.278029+00	\N	2	2.1588° N	30.8098° E	20.139976881369396	f	0.5504202144246705
539	2023-07-01 21:06:19.326201+00	2023-07-01 21:06:19.326201+00	\N	2	2.0320° N	30.5344° E	99.06058136101625	f	4.051668178082823
540	2023-07-01 21:06:19.376279+00	2023-07-01 21:06:19.376279+00	\N	2	2.6142° N	30.7910° E	23.082619829923402	f	1.291051254435611
541	2023-07-01 21:06:19.427288+00	2023-07-01 21:06:19.427288+00	\N	1	2.7228° N	30.8097° E	69.7049260952385	f	1.1732627142882255
542	2023-07-01 21:06:19.477548+00	2023-07-01 21:06:19.477548+00	\N	2	2.0685° N	30.8496° E	67.3887584672235	f	0.5337087222732092
543	2023-07-01 21:06:19.531916+00	2023-07-01 21:06:19.531916+00	\N	2	2.8931° N	30.1857° E	63.84106033545981	t	8.384245132033811
544	2023-07-01 21:06:19.579737+00	2023-07-01 21:06:19.579737+00	\N	2	2.2327° N	30.4686° E	58.54071297112397	f	7.639182789914377
545	2023-07-01 21:06:19.632224+00	2023-07-01 21:06:19.632224+00	\N	2	2.5604° N	30.6892° E	19.181689663696336	f	2.864512287936854
546	2023-07-01 21:06:19.680464+00	2023-07-01 21:06:19.680464+00	\N	1	2.1915° N	30.0751° E	57.569763707951196	t	9.15014014008504
547	2023-07-01 21:06:19.732792+00	2023-07-01 21:06:19.732792+00	\N	2	2.2847° N	30.1221° E	66.19268979913299	f	4.546582301893303
548	2023-07-01 21:06:19.781322+00	2023-07-01 21:06:19.781322+00	\N	1	2.0244° N	30.6853° E	2.0045912082492183	t	9.520962196423005
549	2023-07-01 21:06:19.832988+00	2023-07-01 21:06:19.832988+00	\N	1	2.6917° N	30.6774° E	93.7614971842657	t	5.084802470235562
550	2023-07-01 21:06:19.883918+00	2023-07-01 21:06:19.883918+00	\N	1	2.8092° N	30.2378° E	83.68473494283157	f	5.220227116661036
551	2023-07-01 21:06:19.933415+00	2023-07-01 21:06:19.933415+00	\N	2	2.3973° N	30.5943° E	35.12336874717466	t	4.279937927769546
552	2023-07-01 21:06:19.983198+00	2023-07-01 21:06:19.983198+00	\N	1	2.1622° N	30.8517° E	82.94659361138332	t	6.827937480922246
553	2023-07-01 21:06:20.033002+00	2023-07-01 21:06:20.033002+00	\N	1	2.2408° N	30.7202° E	25.971421468076628	t	0.8680155845534274
554	2023-07-01 21:06:20.124555+00	2023-07-01 21:06:20.124555+00	\N	2	2.7916° N	30.9404° E	44.05968291819288	f	7.901966549073198
555	2023-07-01 21:06:20.14712+00	2023-07-01 21:06:20.14712+00	\N	1	2.3098° N	30.4840° E	8.358708515101332	f	9.989350478004074
556	2023-07-01 21:06:20.185163+00	2023-07-01 21:06:20.185163+00	\N	1	2.1516° N	30.1192° E	71.59119806956438	t	3.6115870286397804
557	2023-07-01 21:06:20.235666+00	2023-07-01 21:06:20.235666+00	\N	1	2.6691° N	30.4343° E	37.182493692625265	f	8.649620824086654
558	2023-07-01 21:06:20.287043+00	2023-07-01 21:06:20.287043+00	\N	1	2.3410° N	30.6879° E	20.024123809779944	t	9.24587891834491
559	2023-07-01 21:06:20.336136+00	2023-07-01 21:06:20.336136+00	\N	2	2.3800° N	30.0800° E	64.51854206498965	f	2.7095858940939737
560	2023-07-01 21:06:20.387237+00	2023-07-01 21:06:20.387237+00	\N	1	2.0728° N	30.4365° E	86.83567984153339	f	0.3652758147598354
561	2023-07-01 21:06:20.43801+00	2023-07-01 21:06:20.43801+00	\N	2	1.9665° N	30.8172° E	34.2993516637327	t	1.3292257320081373
562	2023-07-01 21:06:20.48771+00	2023-07-01 21:06:20.48771+00	\N	1	2.1200° N	30.1052° E	30.63996970094956	f	6.851006428141879
563	2023-07-01 21:06:20.541502+00	2023-07-01 21:06:20.541502+00	\N	2	1.9561° N	30.2342° E	93.0333911684788	t	9.567877191859635
564	2023-07-01 21:06:20.589839+00	2023-07-01 21:06:20.589839+00	\N	1	2.6924° N	30.8413° E	0.31910197586833255	f	6.737076527601648
565	2023-07-01 21:06:20.640264+00	2023-07-01 21:06:20.640264+00	\N	2	2.4304° N	30.1728° E	97.97584405371983	f	4.442783323009799
566	2023-07-01 21:06:20.690524+00	2023-07-01 21:06:20.690524+00	\N	1	2.8396° N	30.0975° E	63.176786173216385	t	6.612813651673955
567	2023-07-01 21:06:20.741072+00	2023-07-01 21:06:20.741072+00	\N	1	2.6731° N	30.3258° E	18.876473403179777	f	8.256029108555174
568	2023-07-01 21:06:20.790749+00	2023-07-01 21:06:20.790749+00	\N	1	2.0757° N	30.8005° E	80.6790298675249	t	0.3285633463064502
569	2023-07-01 21:06:20.840135+00	2023-07-01 21:06:20.840135+00	\N	2	2.6202° N	30.8245° E	90.13030576993984	f	5.701082452098818
570	2023-07-01 21:06:20.891551+00	2023-07-01 21:06:20.891551+00	\N	1	2.2903° N	30.5993° E	91.75913024032809	t	6.148786217469167
571	2023-07-01 21:06:20.941315+00	2023-07-01 21:06:20.941315+00	\N	1	2.7336° N	31.0487° E	2.575427891878303	f	2.533503686715407
572	2023-07-01 21:06:20.992256+00	2023-07-01 21:06:20.992256+00	\N	2	2.0597° N	30.8908° E	19.104001768020666	t	4.61486547272941
573	2023-07-01 21:06:21.042516+00	2023-07-01 21:06:21.042516+00	\N	1	2.8150° N	30.6992° E	60.94439016865177	f	9.548795855504679
574	2023-07-01 21:06:21.093452+00	2023-07-01 21:06:21.093452+00	\N	1	2.2943° N	30.8492° E	45.145628853561206	t	1.5831780635169423
575	2023-07-01 21:06:21.14537+00	2023-07-01 21:06:21.14537+00	\N	2	2.3867° N	30.8707° E	94.2590825781547	f	2.4932714889277623
576	2023-07-01 21:06:21.195028+00	2023-07-01 21:06:21.195028+00	\N	2	2.4842° N	30.9158° E	49.83453639654902	f	3.1695202598330323
577	2023-07-01 21:06:21.245997+00	2023-07-01 21:06:21.245997+00	\N	2	1.9947° N	30.6348° E	28.508534296671904	f	8.458201556944047
578	2023-07-01 21:06:21.296505+00	2023-07-01 21:06:21.296505+00	\N	1	2.5447° N	31.0546° E	85.4217519378935	f	8.10927215372669
579	2023-07-01 21:06:21.347228+00	2023-07-01 21:06:21.347228+00	\N	1	2.5506° N	30.5192° E	92.60091208581161	f	7.39579169616884
580	2023-07-01 21:06:21.398401+00	2023-07-01 21:06:21.398401+00	\N	2	2.3260° N	30.5109° E	97.62022497409842	t	3.5448972459886856
581	2023-07-01 21:06:21.449042+00	2023-07-01 21:06:21.449042+00	\N	1	2.9220° N	31.0200° E	70.69359280692818	t	2.273155613339974
582	2023-07-01 21:06:21.49863+00	2023-07-01 21:06:21.49863+00	\N	1	1.9474° N	30.9719° E	80.47504944323772	f	7.524585339484928
583	2023-07-01 21:06:21.549357+00	2023-07-01 21:06:21.549357+00	\N	1	2.4963° N	30.2741° E	76.82503701354857	f	7.950423058656964
584	2023-07-01 21:06:21.599105+00	2023-07-01 21:06:21.599105+00	\N	1	2.3886° N	31.0503° E	96.51465743065783	t	2.8408133132421205
585	2023-07-01 21:06:21.649311+00	2023-07-01 21:06:21.649311+00	\N	2	2.6919° N	30.3782° E	59.20698999789732	t	4.314868875299763
586	2023-07-01 21:06:21.699874+00	2023-07-01 21:06:21.699874+00	\N	2	2.4326° N	30.1424° E	96.682563128348	f	5.817613711680734
587	2023-07-01 21:06:21.750931+00	2023-07-01 21:06:21.750931+00	\N	2	2.1023° N	30.7626° E	7.591195630862065	f	3.2039698486315107
588	2023-07-01 21:06:21.802408+00	2023-07-01 21:06:21.802408+00	\N	2	2.7308° N	30.7957° E	98.79858425257096	f	2.3921379696615
589	2023-07-01 21:06:21.852153+00	2023-07-01 21:06:21.852153+00	\N	2	2.6488° N	30.8597° E	87.96043835181692	t	3.3890901796500135
590	2023-07-01 21:06:21.902828+00	2023-07-01 21:06:21.902828+00	\N	2	1.9386° N	30.2646° E	52.4696406560994	t	4.880631720589279
591	2023-07-01 21:06:21.95289+00	2023-07-01 21:06:21.95289+00	\N	1	2.8802° N	30.2188° E	67.60577044542485	f	9.185077769554228
592	2023-07-01 21:06:22.003702+00	2023-07-01 21:06:22.003702+00	\N	2	2.4397° N	30.9908° E	60.3472617413769	f	9.588846600505939
593	2023-07-01 21:06:22.054212+00	2023-07-01 21:06:22.054212+00	\N	2	2.1011° N	30.8745° E	59.256365796131135	t	5.530113902183647
594	2023-07-01 21:06:22.105882+00	2023-07-01 21:06:22.105882+00	\N	1	1.9879° N	30.8843° E	57.79136675747733	f	8.982808091213785
595	2023-07-01 21:06:22.156325+00	2023-07-01 21:06:22.156325+00	\N	1	2.2806° N	30.4200° E	48.18270390604528	f	7.398708200792202
596	2023-07-01 21:06:22.206662+00	2023-07-01 21:06:22.206662+00	\N	2	2.3177° N	30.3390° E	66.7691894831796	t	4.225090951576675
597	2023-07-01 21:06:22.25723+00	2023-07-01 21:06:22.25723+00	\N	1	2.4848° N	30.7981° E	41.44838646955758	f	6.387825780292177
598	2023-07-01 21:06:22.30768+00	2023-07-01 21:06:22.30768+00	\N	1	2.2465° N	30.9230° E	51.94949898453327	f	0.8579566829320233
599	2023-07-01 21:06:22.358663+00	2023-07-01 21:06:22.358663+00	\N	2	2.5786° N	30.5249° E	35.86186673527442	t	8.030246591076688
600	2023-07-01 21:06:22.409612+00	2023-07-01 21:06:22.409612+00	\N	1	2.5293° N	30.0656° E	53.202844676214255	t	8.250144997050548
601	2023-07-01 21:06:22.459698+00	2023-07-01 21:06:22.459698+00	\N	1	2.2680° N	30.3678° E	86.49016308797236	t	2.126546125309456
602	2023-07-01 21:06:22.510813+00	2023-07-01 21:06:22.510813+00	\N	1	2.4520° N	31.0235° E	1.2818115777106494	f	0.9476152538003536
603	2023-07-01 21:06:22.560775+00	2023-07-01 21:06:22.560775+00	\N	2	2.1207° N	30.7478° E	49.651681086782936	t	0.3357738889150849
604	2023-07-01 21:06:22.613483+00	2023-07-01 21:06:22.613483+00	\N	1	2.3495° N	30.3690° E	79.22051437336486	t	2.404237229756633
605	2023-07-01 21:06:22.663774+00	2023-07-01 21:06:22.663774+00	\N	2	2.1968° N	30.1306° E	41.7096028612222	f	9.511306183640952
606	2023-07-01 21:06:22.714555+00	2023-07-01 21:06:22.714555+00	\N	1	2.9236° N	30.5149° E	58.050260727364176	t	0.4007438151106554
607	2023-07-01 21:06:22.7638+00	2023-07-01 21:06:22.7638+00	\N	2	2.2915° N	30.8815° E	63.11663632584512	t	7.396795548311106
608	2023-07-01 21:06:22.813443+00	2023-07-01 21:06:22.813443+00	\N	2	2.2320° N	30.7604° E	36.914916533953765	t	3.0650631475575913
609	2023-07-01 21:06:22.865765+00	2023-07-01 21:06:22.865765+00	\N	1	1.9768° N	30.6359° E	70.16352150703034	f	9.252679046160234
610	2023-07-01 21:06:22.916532+00	2023-07-01 21:06:22.916532+00	\N	1	2.4574° N	30.4347° E	96.2461357948538	t	8.151058542514285
611	2023-07-01 21:06:22.966121+00	2023-07-01 21:06:22.966121+00	\N	2	2.4595° N	30.2310° E	0.006854044277576719	f	3.7392603830913513
612	2023-07-01 21:06:23.017804+00	2023-07-01 21:06:23.017804+00	\N	2	2.7574° N	30.8918° E	42.782394703089835	f	7.4308357106752245
613	2023-07-01 21:06:23.067366+00	2023-07-01 21:06:23.067366+00	\N	1	2.7191° N	30.3656° E	70.34643408399138	t	3.9696409793870653
614	2023-07-01 21:06:23.118644+00	2023-07-01 21:06:23.118644+00	\N	2	2.4375° N	30.7173° E	4.983557540951413	f	9.766116714715107
615	2023-07-01 21:06:23.170322+00	2023-07-01 21:06:23.170322+00	\N	2	2.8735° N	30.4085° E	68.83597689940873	f	2.7664716941057446
616	2023-07-01 21:06:23.220749+00	2023-07-01 21:06:23.220749+00	\N	1	2.4484° N	30.9812° E	72.81718457265424	f	2.217511950885166
617	2023-07-01 21:06:23.271891+00	2023-07-01 21:06:23.271891+00	\N	2	2.5800° N	30.7178° E	82.33749366017163	t	9.315483807783957
618	2023-07-01 21:06:23.321533+00	2023-07-01 21:06:23.321533+00	\N	2	2.2321° N	30.6735° E	21.71073672342569	f	9.19818735601572
619	2023-07-01 21:06:23.372229+00	2023-07-01 21:06:23.372229+00	\N	1	2.2053° N	30.3995° E	7.256362233771606	f	8.68195851608525
620	2023-07-01 21:06:23.422292+00	2023-07-01 21:06:23.422292+00	\N	1	2.3099° N	30.8313° E	51.09062033930646	f	2.416491644993473
621	2023-07-01 21:06:23.472558+00	2023-07-01 21:06:23.472558+00	\N	1	2.3305° N	30.8579° E	61.927917842928125	t	4.147017542646159
622	2023-07-01 21:06:23.523037+00	2023-07-01 21:06:23.523037+00	\N	1	2.2570° N	30.3458° E	62.95842589208006	t	7.486492407877167
623	2023-07-01 21:06:23.573528+00	2023-07-01 21:06:23.573528+00	\N	1	2.6318° N	30.8318° E	51.15324226895015	t	7.383839590078268
624	2023-07-01 21:06:23.622955+00	2023-07-01 21:06:23.622955+00	\N	1	2.2184° N	30.7741° E	87.80193542618181	t	1.5935319489425384
625	2023-07-01 21:06:23.672901+00	2023-07-01 21:06:23.672901+00	\N	1	2.8242° N	30.4112° E	52.25252739438068	t	5.157565465363913
626	2023-07-01 21:06:23.724521+00	2023-07-01 21:06:23.724521+00	\N	2	2.3319° N	30.5732° E	14.50753806976711	t	1.1111264448896336
627	2023-07-01 21:06:23.775233+00	2023-07-01 21:06:23.775233+00	\N	2	2.0244° N	31.0638° E	22.08687289581082	f	5.788387160286705
628	2023-07-01 21:06:23.826732+00	2023-07-01 21:06:23.826732+00	\N	1	2.5341° N	30.2859° E	86.07377976324459	t	5.861211419961375
629	2023-07-01 21:06:23.876752+00	2023-07-01 21:06:23.876752+00	\N	1	2.1227° N	30.7682° E	81.70261553701977	f	4.364650056566701
630	2023-07-01 21:06:23.925876+00	2023-07-01 21:06:23.925876+00	\N	1	2.2354° N	30.7377° E	32.41628942474502	t	5.670925478692251
631	2023-07-01 21:06:23.976482+00	2023-07-01 21:06:23.976482+00	\N	2	2.0646° N	30.7534° E	27.508477101814222	t	8.920372363114065
632	2023-07-01 21:06:24.028624+00	2023-07-01 21:06:24.028624+00	\N	2	2.8863° N	30.2627° E	40.48638628956552	t	9.003627608633918
633	2023-07-01 21:06:24.078594+00	2023-07-01 21:06:24.078594+00	\N	1	2.8942° N	30.8592° E	93.5947493326604	f	8.760594890993428
634	2023-07-01 21:06:24.127553+00	2023-07-01 21:06:24.127553+00	\N	1	2.8130° N	30.3957° E	19.328013505006343	t	0.9903772824118768
635	2023-07-01 21:06:24.178109+00	2023-07-01 21:06:24.178109+00	\N	1	2.4731° N	30.9668° E	97.53808498352473	f	1.7982466352493889
636	2023-07-01 21:06:24.230305+00	2023-07-01 21:06:24.230305+00	\N	2	2.4488° N	30.1619° E	85.2793713244087	t	0.025654257831129557
637	2023-07-01 21:06:24.280949+00	2023-07-01 21:06:24.280949+00	\N	1	2.8531° N	30.7722° E	72.31630702274795	f	7.010685507444471
638	2023-07-01 21:06:24.331703+00	2023-07-01 21:06:24.331703+00	\N	1	2.4589° N	30.4539° E	52.27596254380947	f	0.9916890446040858
639	2023-07-01 21:06:24.381669+00	2023-07-01 21:06:24.381669+00	\N	1	2.9242° N	30.8418° E	15.88304884904607	t	9.06557824501174
640	2023-07-01 21:06:24.432113+00	2023-07-01 21:06:24.432113+00	\N	1	2.1692° N	31.0603° E	94.29672035239611	t	8.902605348448079
641	2023-07-01 21:06:24.482172+00	2023-07-01 21:06:24.482172+00	\N	2	2.5822° N	30.4841° E	95.68488595795333	t	0.8779541109756467
642	2023-07-01 21:06:24.535879+00	2023-07-01 21:06:24.535879+00	\N	2	1.9495° N	30.2754° E	56.8353456901606	t	6.946460352540829
643	2023-07-01 21:06:24.583608+00	2023-07-01 21:06:24.583608+00	\N	2	2.0145° N	30.8373° E	88.53442681501113	t	0.01232270444646814
644	2023-07-01 21:06:24.634502+00	2023-07-01 21:06:24.634502+00	\N	2	2.7060° N	30.1089° E	84.1812379726359	f	5.597684268687567
645	2023-07-01 21:06:24.685658+00	2023-07-01 21:06:24.685658+00	\N	1	2.9262° N	30.1657° E	80.69268098085573	f	6.013025034040906
646	2023-07-01 21:06:24.736654+00	2023-07-01 21:06:24.736654+00	\N	1	2.8502° N	30.5154° E	97.3377414769157	f	7.277231813141512
647	2023-07-01 21:06:24.789223+00	2023-07-01 21:06:24.789223+00	\N	2	2.5817° N	30.5341° E	87.3178140485691	t	3.9492498377387566
648	2023-07-01 21:06:24.837493+00	2023-07-01 21:06:24.837493+00	\N	1	2.8576° N	30.5095° E	16.16600090888115	f	4.232769932753315
649	2023-07-01 21:06:24.887419+00	2023-07-01 21:06:24.887419+00	\N	2	2.1226° N	30.1880° E	48.28969838284488	f	6.1590851735897045
650	2023-07-01 21:06:24.939455+00	2023-07-01 21:06:24.939455+00	\N	2	2.2609° N	31.0621° E	99.42784666046393	t	0.6076159951927201
651	2023-07-01 21:06:24.989772+00	2023-07-01 21:06:24.989772+00	\N	1	2.6631° N	30.8904° E	18.903358628139628	t	8.869075591837925
652	2023-07-01 21:06:25.040083+00	2023-07-01 21:06:25.040083+00	\N	2	2.1318° N	30.5674° E	46.50487888121365	t	9.521551857475435
653	2023-07-01 21:06:25.090004+00	2023-07-01 21:06:25.090004+00	\N	2	2.4033° N	31.0318° E	61.706287522706404	f	0.0011159453490611193
654	2023-07-01 21:06:25.14032+00	2023-07-01 21:06:25.14032+00	\N	2	2.4803° N	30.6773° E	35.25986709979411	t	2.8066898595705037
655	2023-07-01 21:06:25.190813+00	2023-07-01 21:06:25.190813+00	\N	1	2.2628° N	30.8468° E	61.237221832914635	t	4.744473386874811
656	2023-07-01 21:06:25.241705+00	2023-07-01 21:06:25.241705+00	\N	2	1.9573° N	30.2549° E	84.40905794085494	t	3.9018944122937302
657	2023-07-01 21:06:25.291531+00	2023-07-01 21:06:25.291531+00	\N	1	2.8236° N	30.6555° E	61.117188239631595	f	8.624255079426215
658	2023-07-01 21:06:25.343026+00	2023-07-01 21:06:25.343026+00	\N	2	2.3562° N	30.5422° E	39.99890361110058	t	3.267967734708134
659	2023-07-01 21:06:25.392886+00	2023-07-01 21:06:25.392886+00	\N	2	2.8020° N	30.8679° E	90.03223399267577	f	3.510067839933693
660	2023-07-01 21:06:25.444045+00	2023-07-01 21:06:25.444045+00	\N	1	2.2253° N	30.4866° E	55.48603772895685	t	5.7421692231808965
661	2023-07-01 21:06:25.495912+00	2023-07-01 21:06:25.495912+00	\N	2	2.0502° N	30.4795° E	96.44200786580286	t	2.4700335202903934
662	2023-07-01 21:06:25.547076+00	2023-07-01 21:06:25.547076+00	\N	2	2.1606° N	30.3183° E	11.28276493901244	t	4.017984194558164
663	2023-07-01 21:06:25.596615+00	2023-07-01 21:06:25.596615+00	\N	1	2.0097° N	30.1815° E	25.635220826914367	f	7.076374900929091
664	2023-07-01 21:06:25.647494+00	2023-07-01 21:06:25.647494+00	\N	1	2.1119° N	31.0060° E	26.624859351593127	t	9.663236428197115
665	2023-07-01 21:06:25.698084+00	2023-07-01 21:06:25.698084+00	\N	2	2.4205° N	30.6906° E	10.459589174796102	t	3.8470810754187488
666	2023-07-01 21:06:25.748334+00	2023-07-01 21:06:25.748334+00	\N	2	2.8534° N	30.8020° E	55.776985783332535	t	2.1159041392387112
667	2023-07-01 21:06:25.799802+00	2023-07-01 21:06:25.799802+00	\N	2	2.6901° N	30.3843° E	54.798293641051565	t	0.04944940948672763
668	2023-07-01 21:06:25.849427+00	2023-07-01 21:06:25.849427+00	\N	2	2.3011° N	30.5517° E	73.17639330917414	f	6.532322583332427
669	2023-07-01 21:06:25.900784+00	2023-07-01 21:06:25.900784+00	\N	2	2.3535° N	30.9441° E	3.612626977879011	f	4.684001148711142
670	2023-07-01 21:06:25.951401+00	2023-07-01 21:06:25.951401+00	\N	2	2.7427° N	30.9096° E	94.82903126861262	f	1.5075560703127326
671	2023-07-01 21:06:26.00215+00	2023-07-01 21:06:26.00215+00	\N	2	2.6744° N	30.9360° E	15.973866980495602	f	5.849448613271244
672	2023-07-01 21:06:26.052394+00	2023-07-01 21:06:26.052394+00	\N	2	2.1341° N	30.9747° E	36.831562607094874	t	3.1860694824342857
673	2023-07-01 21:06:26.103537+00	2023-07-01 21:06:26.103537+00	\N	2	2.2293° N	30.7685° E	16.21934444691407	f	2.5471535324677768
674	2023-07-01 21:06:26.15333+00	2023-07-01 21:06:26.15333+00	\N	2	2.2703° N	30.5311° E	90.20967726663626	t	4.184787167795459
675	2023-07-01 21:06:26.204785+00	2023-07-01 21:06:26.204785+00	\N	1	2.3191° N	30.8608° E	14.148811123122055	f	1.867906426770443
676	2023-07-01 21:06:26.255195+00	2023-07-01 21:06:26.255195+00	\N	2	2.0354° N	30.0838° E	43.971603961206434	t	6.458922392323138
677	2023-07-01 21:06:26.306539+00	2023-07-01 21:06:26.306539+00	\N	1	2.2103° N	30.5062° E	11.776738468370178	f	7.1626893520368515
678	2023-07-01 21:06:26.356925+00	2023-07-01 21:06:26.356925+00	\N	1	2.7826° N	31.0251° E	56.74577819136996	t	7.278998955368606
679	2023-07-01 21:06:26.406959+00	2023-07-01 21:06:26.406959+00	\N	1	2.4084° N	30.5508° E	24.928078154526155	f	0.948659691627646
680	2023-07-01 21:06:26.457678+00	2023-07-01 21:06:26.457678+00	\N	1	2.4720° N	30.7796° E	80.64254460490537	f	5.584699996542229
681	2023-07-01 21:06:26.508121+00	2023-07-01 21:06:26.508121+00	\N	1	2.8512° N	30.6359° E	68.21450973121131	t	1.129362132298743
682	2023-07-01 21:06:26.558392+00	2023-07-01 21:06:26.558392+00	\N	2	2.6769° N	31.0546° E	99.93087828829258	t	9.996093295580074
683	2023-07-01 21:06:26.610179+00	2023-07-01 21:06:26.610179+00	\N	2	1.9609° N	30.7785° E	12.25800443552805	t	0.713202854919497
684	2023-07-01 21:06:26.659518+00	2023-07-01 21:06:26.659518+00	\N	1	2.6596° N	30.7254° E	45.393002727736636	f	0.8853512320233858
685	2023-07-01 21:06:26.710528+00	2023-07-01 21:06:26.710528+00	\N	1	2.9090° N	30.4252° E	61.77327255117756	f	1.7788240486354203
686	2023-07-01 21:06:26.761601+00	2023-07-01 21:06:26.761601+00	\N	2	2.1167° N	30.7121° E	19.972555314681152	f	6.608651582755673
687	2023-07-01 21:06:26.81237+00	2023-07-01 21:06:26.81237+00	\N	1	2.0690° N	30.6504° E	87.37137420986785	f	2.0663387364716277
688	2023-07-01 21:06:26.863422+00	2023-07-01 21:06:26.863422+00	\N	1	2.6282° N	30.9270° E	22.88626641623871	f	7.141061995625721
689	2023-07-01 21:06:26.914025+00	2023-07-01 21:06:26.914025+00	\N	1	2.8812° N	30.8620° E	30.30256080678166	t	4.646736701767074
690	2023-07-01 21:06:26.964593+00	2023-07-01 21:06:26.964593+00	\N	2	2.1927° N	30.3386° E	99.12614752611462	t	1.3662788990027341
691	2023-07-01 21:06:27.014743+00	2023-07-01 21:06:27.014743+00	\N	2	2.3864° N	30.6699° E	49.502557751029286	t	5.156978156744457
692	2023-07-01 21:06:27.065604+00	2023-07-01 21:06:27.065604+00	\N	1	2.8020° N	30.7379° E	30.46627881561581	t	9.249085846712847
693	2023-07-01 21:06:27.116801+00	2023-07-01 21:06:27.116801+00	\N	1	2.6544° N	30.9646° E	85.31606254218012	t	7.194467600046438
694	2023-07-01 21:06:27.167591+00	2023-07-01 21:06:27.167591+00	\N	2	2.6492° N	30.6544° E	76.01637469055888	t	0.5019938101392262
695	2023-07-01 21:06:27.21766+00	2023-07-01 21:06:27.21766+00	\N	1	2.7840° N	30.7338° E	56.30981552991698	f	6.522359192273432
696	2023-07-01 21:06:27.268005+00	2023-07-01 21:06:27.268005+00	\N	2	2.6085° N	30.4714° E	28.005754284428065	f	2.3874171698707616
697	2023-07-01 21:06:27.319135+00	2023-07-01 21:06:27.319135+00	\N	2	1.9918° N	30.3346° E	37.60394392141288	t	6.100390880256882
698	2023-07-01 21:06:27.370177+00	2023-07-01 21:06:27.370177+00	\N	1	2.4669° N	30.5669° E	79.17203693768259	t	4.366613232836921
699	2023-07-01 21:06:27.421225+00	2023-07-01 21:06:27.421225+00	\N	2	2.1627° N	30.3766° E	90.94206806853755	t	2.3179444033085073
700	2023-07-01 21:06:27.472108+00	2023-07-01 21:06:27.472108+00	\N	2	1.9581° N	30.9893° E	24.78778960036451	f	8.766835654061293
701	2023-07-01 21:06:27.522611+00	2023-07-01 21:06:27.522611+00	\N	2	2.3018° N	30.1337° E	75.27547775643161	f	5.737346348993211
702	2023-07-01 21:06:27.573789+00	2023-07-01 21:06:27.573789+00	\N	1	2.8928° N	30.7882° E	30.133652589232767	f	7.756902259728959
703	2023-07-01 21:06:27.623453+00	2023-07-01 21:06:27.623453+00	\N	1	2.3370° N	30.4444° E	74.69364258625284	t	6.578196380464604
704	2023-07-01 21:06:27.673455+00	2023-07-01 21:06:27.673455+00	\N	1	2.1959° N	30.5775° E	25.067784663252457	f	6.321591934101675
705	2023-07-01 21:06:27.724798+00	2023-07-01 21:06:27.724798+00	\N	1	2.5008° N	30.8305° E	27.78833800096808	t	6.693215614754713
706	2023-07-01 21:06:27.77544+00	2023-07-01 21:06:27.77544+00	\N	1	2.9010° N	30.9010° E	2.4390112340322325	f	5.127069533174794
707	2023-07-01 21:06:27.82467+00	2023-07-01 21:06:27.82467+00	\N	1	2.3335° N	30.3006° E	21.412536768948076	t	3.2289885997172334
708	2023-07-01 21:06:27.876148+00	2023-07-01 21:06:27.876148+00	\N	2	2.8592° N	30.8233° E	77.23068460489603	f	5.01827332723618
709	2023-07-01 21:06:27.925613+00	2023-07-01 21:06:27.925613+00	\N	1	2.3694° N	30.0696° E	59.71580067779803	f	8.556713876083247
710	2023-07-01 21:06:27.976822+00	2023-07-01 21:06:27.976822+00	\N	2	2.8335° N	30.0731° E	59.972152594858876	t	9.673452564445885
711	2023-07-01 21:06:28.028038+00	2023-07-01 21:06:28.028038+00	\N	1	2.0506° N	30.9722° E	55.38378926265381	f	1.1383665430306058
712	2023-07-01 21:06:28.079191+00	2023-07-01 21:06:28.079191+00	\N	1	2.7358° N	30.8011° E	22.90988447865347	t	9.221628413357164
713	2023-07-01 21:06:28.130493+00	2023-07-01 21:06:28.130493+00	\N	1	2.4462° N	30.8924° E	11.71722253271144	f	2.2282473329164363
714	2023-07-01 21:06:28.180985+00	2023-07-01 21:06:28.180985+00	\N	1	2.8517° N	30.5023° E	63.72504414460821	t	5.1078487413737905
715	2023-07-01 21:06:28.230575+00	2023-07-01 21:06:28.230575+00	\N	1	2.3032° N	31.0359° E	56.266698823785575	f	1.3229493512994426
716	2023-07-01 21:06:28.281768+00	2023-07-01 21:06:28.281768+00	\N	1	2.2659° N	30.1542° E	43.56562447579961	f	4.954388343991708
717	2023-07-01 21:06:28.33263+00	2023-07-01 21:06:28.33263+00	\N	2	2.8429° N	30.1633° E	67.57005411021056	t	5.8224986214814445
718	2023-07-01 21:06:28.382893+00	2023-07-01 21:06:28.382893+00	\N	2	2.4113° N	31.0286° E	12.655738071722316	t	6.474311179030456
719	2023-07-01 21:06:28.432715+00	2023-07-01 21:06:28.432715+00	\N	1	1.9418° N	30.6168° E	93.0272396591122	t	6.295684360539276
720	2023-07-01 21:06:28.483749+00	2023-07-01 21:06:28.483749+00	\N	1	2.8297° N	30.7537° E	10.591872452531495	t	4.6884870275372945
721	2023-07-01 21:06:28.534371+00	2023-07-01 21:06:28.534371+00	\N	2	2.0157° N	30.6267° E	24.827643146192088	f	9.387524362475755
722	2023-07-01 21:06:28.585223+00	2023-07-01 21:06:28.585223+00	\N	1	2.4577° N	30.1064° E	31.68100322727988	f	5.685825058419239
723	2023-07-01 21:06:28.635631+00	2023-07-01 21:06:28.635631+00	\N	1	2.9006° N	30.1032° E	0.21376976999009914	t	3.571706507905303
724	2023-07-01 21:06:28.686072+00	2023-07-01 21:06:28.686072+00	\N	1	2.6507° N	30.4897° E	54.80193669082407	f	7.384439969721274
725	2023-07-01 21:06:28.73812+00	2023-07-01 21:06:28.73812+00	\N	1	1.9683° N	30.4433° E	71.2815981255949	t	6.634333243373761
726	2023-07-01 21:06:28.788316+00	2023-07-01 21:06:28.788316+00	\N	2	2.5884° N	30.5127° E	6.068805934835464	t	6.841871474389941
727	2023-07-01 21:06:28.838833+00	2023-07-01 21:06:28.838833+00	\N	1	2.0509° N	30.5749° E	71.50226749141233	t	6.687159793655278
728	2023-07-01 21:06:28.889876+00	2023-07-01 21:06:28.889876+00	\N	2	1.9452° N	30.1540° E	94.87920486384176	f	4.031030364823459
729	2023-07-01 21:06:28.940402+00	2023-07-01 21:06:28.940402+00	\N	1	2.6005° N	30.7354° E	49.56637254013012	f	9.935992568329443
730	2023-07-01 21:06:28.99009+00	2023-07-01 21:06:28.99009+00	\N	2	1.9608° N	30.3412° E	65.65811593185977	f	9.532864710642729
731	2023-07-01 21:06:29.040176+00	2023-07-01 21:06:29.040176+00	\N	2	2.4921° N	30.5433° E	89.92056564431195	t	6.037541656619174
732	2023-07-01 21:06:29.090348+00	2023-07-01 21:06:29.090348+00	\N	1	2.8088° N	30.8554° E	7.628276591615614	f	8.684451605247109
733	2023-07-01 21:06:29.141998+00	2023-07-01 21:06:29.141998+00	\N	1	2.1838° N	30.2229° E	34.73161504565851	f	1.2074589168874006
734	2023-07-01 21:06:29.192668+00	2023-07-01 21:06:29.192668+00	\N	2	2.0886° N	30.7383° E	99.9459752405306	f	4.695426931884793
735	2023-07-01 21:06:29.242952+00	2023-07-01 21:06:29.242952+00	\N	2	1.9542° N	30.4076° E	41.12550050750491	t	2.776558636086474
736	2023-07-01 21:06:29.294138+00	2023-07-01 21:06:29.294138+00	\N	1	2.1584° N	30.7398° E	4.718518760220988	t	9.731925922137952
737	2023-07-01 21:06:29.345681+00	2023-07-01 21:06:29.345681+00	\N	2	2.6116° N	30.0945° E	55.78103932617644	t	3.9498780526146984
738	2023-07-01 21:06:29.395684+00	2023-07-01 21:06:29.395684+00	\N	2	2.3026° N	30.9080° E	49.843058751665346	t	5.606207426007302
739	2023-07-01 21:06:29.446483+00	2023-07-01 21:06:29.446483+00	\N	2	2.6773° N	30.3084° E	50.892304708973526	f	4.780685789281251
740	2023-07-01 21:06:29.497505+00	2023-07-01 21:06:29.497505+00	\N	2	1.9605° N	30.1044° E	81.2221124365639	t	9.220537235902523
741	2023-07-01 21:06:29.548194+00	2023-07-01 21:06:29.548194+00	\N	1	2.4718° N	30.9514° E	88.7389541671837	t	7.415490360988166
742	2023-07-01 21:06:29.59855+00	2023-07-01 21:06:29.59855+00	\N	1	2.0320° N	30.9510° E	34.750935728445945	f	8.821854835467644
743	2023-07-01 21:06:29.648507+00	2023-07-01 21:06:29.648507+00	\N	1	2.5963° N	30.6895° E	9.740915835081989	f	7.477874888983047
744	2023-07-01 21:06:29.699293+00	2023-07-01 21:06:29.699293+00	\N	1	2.3496° N	30.5812° E	2.761629839016798	f	2.959409751212385
745	2023-07-01 21:06:29.749355+00	2023-07-01 21:06:29.749355+00	\N	2	2.5727° N	30.0678° E	48.17869873152061	t	2.053004312462367
746	2023-07-01 21:06:29.79914+00	2023-07-01 21:06:29.79914+00	\N	2	2.8184° N	30.9328° E	51.56174469906291	f	2.4736170657140617
747	2023-07-01 21:06:29.850049+00	2023-07-01 21:06:29.850049+00	\N	2	2.7853° N	30.5539° E	11.89838346109665	t	2.47034877748631
748	2023-07-01 21:06:29.900892+00	2023-07-01 21:06:29.900892+00	\N	1	2.8398° N	30.4873° E	29.24490606174856	t	4.710510043381169
749	2023-07-01 21:06:29.951442+00	2023-07-01 21:06:29.951442+00	\N	2	2.2968° N	30.6455° E	93.8710784868207	t	3.592195228702165
750	2023-07-01 21:06:30.003093+00	2023-07-01 21:06:30.003093+00	\N	1	2.2497° N	30.8848° E	5.635615744547337	f	1.9908993935891477
751	2023-07-01 21:06:30.054569+00	2023-07-01 21:06:30.054569+00	\N	1	2.7618° N	31.0602° E	79.18659732967296	t	0.34490917499803425
752	2023-07-01 21:06:30.103412+00	2023-07-01 21:06:30.103412+00	\N	1	2.3929° N	30.3059° E	74.04165460447726	t	0.6006429307855172
753	2023-07-01 21:06:30.153826+00	2023-07-01 21:06:30.153826+00	\N	1	2.8437° N	30.5847° E	65.48120806529992	t	4.650394888542412
754	2023-07-01 21:06:30.204294+00	2023-07-01 21:06:30.204294+00	\N	1	2.7000° N	31.0352° E	96.23633443657562	t	1.3002213169585781
755	2023-07-01 21:06:30.254664+00	2023-07-01 21:06:30.254664+00	\N	1	2.5330° N	30.4660° E	18.454373500030265	f	3.085718451137863
756	2023-07-01 21:06:30.306461+00	2023-07-01 21:06:30.306461+00	\N	1	2.9105° N	30.3601° E	81.12017463885883	t	8.691942333819169
757	2023-07-01 21:06:30.3569+00	2023-07-01 21:06:30.3569+00	\N	2	2.5685° N	30.2012° E	56.224342703074385	f	3.431555285614702
758	2023-07-01 21:06:30.406977+00	2023-07-01 21:06:30.406977+00	\N	2	2.6891° N	30.8757° E	51.190958282951726	f	3.647508441080107
759	2023-07-01 21:06:30.456813+00	2023-07-01 21:06:30.456813+00	\N	2	2.5179° N	30.7090° E	95.15047500840794	t	5.921973031566806
760	2023-07-01 21:06:30.507949+00	2023-07-01 21:06:30.507949+00	\N	2	2.6254° N	30.4428° E	23.553854714160256	t	6.726926432933787
761	2023-07-01 21:06:30.55793+00	2023-07-01 21:06:30.55793+00	\N	2	2.7669° N	30.4876° E	34.60226945463665	f	6.718890324754453
762	2023-07-01 21:06:30.608623+00	2023-07-01 21:06:30.608623+00	\N	1	2.3221° N	30.6757° E	85.03808314138868	t	4.790945997514499
763	2023-07-01 21:06:30.65962+00	2023-07-01 21:06:30.65962+00	\N	1	2.6270° N	30.8729° E	84.28347203912658	t	9.506189046766552
764	2023-07-01 21:06:30.710203+00	2023-07-01 21:06:30.710203+00	\N	2	2.0090° N	30.7871° E	20.97541736452424	f	1.542819358152573
765	2023-07-01 21:06:30.761444+00	2023-07-01 21:06:30.761444+00	\N	1	2.3896° N	30.8715° E	76.23831190448773	f	8.883461721175271
766	2023-07-01 21:06:30.811889+00	2023-07-01 21:06:30.811889+00	\N	1	2.4210° N	31.0193° E	63.47800052485284	t	9.388337525792515
767	2023-07-01 21:06:30.863435+00	2023-07-01 21:06:30.863435+00	\N	1	2.7309° N	30.9221° E	41.78728610123017	f	4.156677160227111
768	2023-07-01 21:06:30.914367+00	2023-07-01 21:06:30.914367+00	\N	2	2.8931° N	30.3886° E	85.12372917170069	t	9.909396510569987
769	2023-07-01 21:06:30.965039+00	2023-07-01 21:06:30.965039+00	\N	1	2.7031° N	30.7882° E	80.235564185083	t	3.0916824932512785
770	2023-07-01 21:06:31.014996+00	2023-07-01 21:06:31.014996+00	\N	1	2.2571° N	30.2220° E	86.62772455230122	f	4.675219377889508
771	2023-07-01 21:06:31.064513+00	2023-07-01 21:06:31.064513+00	\N	2	2.2609° N	30.5361° E	80.98536752705154	t	2.371461830166713
772	2023-07-01 21:06:31.116379+00	2023-07-01 21:06:31.116379+00	\N	1	2.4664° N	30.4886° E	6.844434479398612	f	8.234097803842868
773	2023-07-01 21:06:31.167212+00	2023-07-01 21:06:31.167212+00	\N	2	2.5819° N	30.9328° E	1.9585438588241904	f	2.031256798413497
774	2023-07-01 21:06:31.216991+00	2023-07-01 21:06:31.216991+00	\N	2	2.6560° N	30.7624° E	40.44353198311607	t	4.594925591509317
775	2023-07-01 21:06:31.266739+00	2023-07-01 21:06:31.266739+00	\N	2	2.8426° N	30.3939° E	50.565863405551546	f	0.7234397680082674
776	2023-07-01 21:06:31.318069+00	2023-07-01 21:06:31.318069+00	\N	1	2.4980° N	30.4024° E	84.94986815346648	f	2.2921790312321946
777	2023-07-01 21:06:31.367958+00	2023-07-01 21:06:31.367958+00	\N	1	2.9234° N	30.7692° E	78.5072657796374	t	8.615764853793891
778	2023-07-01 21:06:31.41875+00	2023-07-01 21:06:31.41875+00	\N	1	2.8685° N	30.2087° E	20.646979504092357	f	6.065302309913854
779	2023-07-01 21:06:31.470268+00	2023-07-01 21:06:31.470268+00	\N	2	2.7549° N	31.0333° E	8.881309722501726	f	9.165097224179764
780	2023-07-01 21:06:31.520934+00	2023-07-01 21:06:31.520934+00	\N	1	2.5989° N	31.0079° E	66.43506280873619	f	0.7380498285228019
781	2023-07-01 21:06:31.57094+00	2023-07-01 21:06:31.57094+00	\N	1	2.3902° N	30.8797° E	80.44346800838221	f	1.3791625401983574
782	2023-07-01 21:06:31.621022+00	2023-07-01 21:06:31.621022+00	\N	1	2.0768° N	30.9544° E	24.520195591414545	t	5.185258602522618
783	2023-07-01 21:06:31.672087+00	2023-07-01 21:06:31.672087+00	\N	2	2.8621° N	30.2019° E	29.63287873083961	f	4.670654441061105
784	2023-07-01 21:06:31.7228+00	2023-07-01 21:06:31.7228+00	\N	2	2.3281° N	30.6515° E	26.71984561837148	t	5.710525885782395
785	2023-07-01 21:06:31.773539+00	2023-07-01 21:06:31.773539+00	\N	1	2.4472° N	30.2677° E	51.92640014506672	t	7.957933770236796
786	2023-07-01 21:06:31.823448+00	2023-07-01 21:06:31.823448+00	\N	1	2.8968° N	30.9611° E	82.93415311100159	t	0.8479298953842644
787	2023-07-01 21:06:31.874436+00	2023-07-01 21:06:31.874436+00	\N	2	2.7786° N	30.9883° E	81.69425269261374	f	1.2424406666254675
788	2023-07-01 21:06:31.924324+00	2023-07-01 21:06:31.924324+00	\N	2	2.3370° N	30.0812° E	4.875412978773984	t	6.048106441957781
789	2023-07-01 21:06:31.975123+00	2023-07-01 21:06:31.975123+00	\N	2	2.1853° N	30.5060° E	34.78539640703349	t	6.706664596163546
790	2023-07-01 21:06:32.025397+00	2023-07-01 21:06:32.025397+00	\N	2	2.2538° N	30.3071° E	70.71424472443755	t	7.608257294483373
791	2023-07-01 21:06:32.076788+00	2023-07-01 21:06:32.076788+00	\N	2	2.8809° N	30.5280° E	8.075827504204801	t	7.375976599669137
792	2023-07-01 21:06:32.127694+00	2023-07-01 21:06:32.127694+00	\N	2	2.2546° N	30.7638° E	95.8492601638081	t	9.277871070630448
793	2023-07-01 21:06:32.17899+00	2023-07-01 21:06:32.17899+00	\N	2	2.3276° N	30.1790° E	70.14958493894127	t	7.440487172624199
794	2023-07-01 21:06:32.229294+00	2023-07-01 21:06:32.229294+00	\N	2	2.0018° N	30.2555° E	4.095158661096882	f	1.0557328627011577
795	2023-07-01 21:06:32.279752+00	2023-07-01 21:06:32.279752+00	\N	2	2.4781° N	30.1385° E	26.28211227656156	t	5.9899088196658905
796	2023-07-01 21:06:32.332152+00	2023-07-01 21:06:32.332152+00	\N	1	2.0196° N	30.1131° E	56.207313343641566	t	8.98087992347725
797	2023-07-01 21:06:32.382059+00	2023-07-01 21:06:32.382059+00	\N	1	2.7878° N	30.7730° E	49.10041228635575	f	4.498322545330041
798	2023-07-01 21:06:32.432151+00	2023-07-01 21:06:32.432151+00	\N	1	2.4514° N	30.1819° E	37.01663490889347	t	3.8325405214002073
799	2023-07-01 21:06:32.48286+00	2023-07-01 21:06:32.48286+00	\N	2	2.2118° N	31.0619° E	22.59087386432354	f	8.519611698528598
800	2023-07-01 21:06:32.534029+00	2023-07-01 21:06:32.534029+00	\N	1	2.2423° N	30.4227° E	90.83520938048413	t	4.648533838710301
801	2023-07-01 21:06:32.585536+00	2023-07-01 21:06:32.585536+00	\N	2	2.6245° N	30.3966° E	80.41699188299836	f	9.805110419988099
802	2023-07-01 21:06:32.636082+00	2023-07-01 21:06:32.636082+00	\N	1	2.0783° N	30.3010° E	9.648618908784291	t	6.895591189146022
803	2023-07-01 21:06:32.685572+00	2023-07-01 21:06:32.685572+00	\N	1	2.2490° N	30.3659° E	34.19919971864282	t	5.631650886756177
804	2023-07-01 21:06:32.737095+00	2023-07-01 21:06:32.737095+00	\N	1	2.8812° N	30.8317° E	35.848717087034906	f	0.7702126918208185
805	2023-07-01 21:06:32.786889+00	2023-07-01 21:06:32.786889+00	\N	2	2.7464° N	30.9181° E	47.60919140917455	t	7.404000021983581
806	2023-07-01 21:06:32.836968+00	2023-07-01 21:06:32.836968+00	\N	2	2.1374° N	30.3035° E	67.8699177866121	t	5.041867052572608
807	2023-07-01 21:06:32.889345+00	2023-07-01 21:06:32.889345+00	\N	1	2.6160° N	30.7029° E	84.54196010637038	f	1.4198660780093675
808	2023-07-01 21:06:32.939196+00	2023-07-01 21:06:32.939196+00	\N	1	2.7229° N	30.9426° E	15.781404097078266	t	6.130350174699732
809	2023-07-01 21:06:32.990477+00	2023-07-01 21:06:32.990477+00	\N	2	2.6770° N	30.9399° E	28.615791059219493	t	4.270113049133957
810	2023-07-01 21:06:33.041138+00	2023-07-01 21:06:33.041138+00	\N	2	2.1942° N	30.6537° E	64.2006729521498	f	3.5151927141179966
811	2023-07-01 21:06:33.091905+00	2023-07-01 21:06:33.091905+00	\N	1	2.6687° N	30.8519° E	7.983300397139222	t	1.404217701780335
812	2023-07-01 21:06:33.142457+00	2023-07-01 21:06:33.142457+00	\N	2	2.1502° N	30.1194° E	53.96372948747273	t	7.3699432178062105
813	2023-07-01 21:06:33.19445+00	2023-07-01 21:06:33.19445+00	\N	2	2.3883° N	30.2815° E	26.397987486383396	f	0.7776337088602652
814	2023-07-01 21:06:33.244548+00	2023-07-01 21:06:33.244548+00	\N	2	2.3704° N	30.5671° E	83.39745408290936	f	5.161110545849254
815	2023-07-01 21:06:33.294421+00	2023-07-01 21:06:33.294421+00	\N	2	2.8574° N	30.2909° E	63.80539375233186	f	2.779990520928144
816	2023-07-01 21:06:33.345604+00	2023-07-01 21:06:33.345604+00	\N	1	2.4376° N	30.9007° E	15.164185616041012	t	3.2760424203872685
817	2023-07-01 21:06:33.396069+00	2023-07-01 21:06:33.396069+00	\N	1	2.4616° N	30.6330° E	30.017327580803897	t	8.503062244534025
818	2023-07-01 21:06:33.447738+00	2023-07-01 21:06:33.447738+00	\N	1	2.6470° N	30.7963° E	39.78088675728679	f	7.940928073121447
819	2023-07-01 21:06:33.498225+00	2023-07-01 21:06:33.498225+00	\N	2	2.9036° N	30.7444° E	23.05151650232246	t	8.140729783987144
820	2023-07-01 21:06:33.548895+00	2023-07-01 21:06:33.548895+00	\N	1	2.8565° N	30.5313° E	30.16778746743486	t	8.803239287047859
821	2023-07-01 21:06:33.598234+00	2023-07-01 21:06:33.598234+00	\N	2	2.6848° N	31.0320° E	76.33053647042863	f	7.930828064182257
822	2023-07-01 21:06:33.649068+00	2023-07-01 21:06:33.649068+00	\N	1	2.6433° N	30.3749° E	64.72129868689701	f	3.1451976533967114
823	2023-07-01 21:06:33.699532+00	2023-07-01 21:06:33.699532+00	\N	2	2.9299° N	30.4492° E	76.30757625073832	t	0.37308016963642043
824	2023-07-01 21:06:33.751469+00	2023-07-01 21:06:33.751469+00	\N	1	2.8340° N	30.6371° E	10.13054479245303	t	4.445365356996343
825	2023-07-01 21:06:33.800958+00	2023-07-01 21:06:33.800958+00	\N	1	1.9722° N	30.6973° E	15.15113533572619	f	9.268698502034537
826	2023-07-01 21:06:33.852108+00	2023-07-01 21:06:33.852108+00	\N	1	2.1911° N	30.1721° E	88.39197783760468	t	2.286822034329388
827	2023-07-01 21:06:33.903016+00	2023-07-01 21:06:33.903016+00	\N	1	2.9306° N	30.8563° E	5.281174974218059	t	3.2714518546315996
828	2023-07-01 21:06:33.954315+00	2023-07-01 21:06:33.954315+00	\N	1	2.4916° N	30.6994° E	18.01239520970788	t	0.22861307919497975
829	2023-07-01 21:06:34.004443+00	2023-07-01 21:06:34.004443+00	\N	1	2.4123° N	30.5423° E	58.65302823149479	f	8.322204048096118
830	2023-07-01 21:06:34.05487+00	2023-07-01 21:06:34.05487+00	\N	1	2.5013° N	30.3016° E	25.012974606302222	f	7.870088141183285
831	2023-07-01 21:06:34.104424+00	2023-07-01 21:06:34.104424+00	\N	1	2.4545° N	30.8866° E	17.647384672630135	f	6.861334662668187
832	2023-07-01 21:06:34.1556+00	2023-07-01 21:06:34.1556+00	\N	2	2.1437° N	30.7069° E	54.30939562609538	t	4.282025084489737
833	2023-07-01 21:06:34.205591+00	2023-07-01 21:06:34.205591+00	\N	1	1.9985° N	31.0630° E	79.82999244967316	t	4.243085561335908
834	2023-07-01 21:06:34.256503+00	2023-07-01 21:06:34.256503+00	\N	2	2.2358° N	30.9186° E	46.14524023345116	t	5.380628500784739
835	2023-07-01 21:06:34.306997+00	2023-07-01 21:06:34.306997+00	\N	2	2.7077° N	30.8893° E	41.44877874596549	f	1.2320164757902399
836	2023-07-01 21:06:34.356626+00	2023-07-01 21:06:34.356626+00	\N	2	2.0548° N	30.8450° E	28.85912243169399	t	9.130623301500453
837	2023-07-01 21:06:34.408288+00	2023-07-01 21:06:34.408288+00	\N	2	2.9000° N	31.0260° E	32.6512848421899	f	1.2463085979114221
838	2023-07-01 21:06:34.458474+00	2023-07-01 21:06:34.458474+00	\N	1	1.9552° N	30.6694° E	66.3692363378274	f	8.32844259854421
839	2023-07-01 21:06:34.509117+00	2023-07-01 21:06:34.509117+00	\N	1	2.4517° N	30.1766° E	5.987669564282702	t	6.3203206079829695
840	2023-07-01 21:06:34.558186+00	2023-07-01 21:06:34.558186+00	\N	1	2.7042° N	30.9129° E	90.1031971948104	f	3.094450181767195
841	2023-07-01 21:06:34.61005+00	2023-07-01 21:06:34.61005+00	\N	2	2.8692° N	30.6895° E	14.542673241045426	f	0.5502017009533032
842	2023-07-01 21:06:34.660363+00	2023-07-01 21:06:34.660363+00	\N	2	2.7946° N	30.4999° E	33.00430597536683	t	3.235433096783936
843	2023-07-01 21:06:34.711531+00	2023-07-01 21:06:34.711531+00	\N	1	2.8433° N	30.6118° E	86.46162048671736	t	1.295930262247903
844	2023-07-01 21:06:34.760431+00	2023-07-01 21:06:34.760431+00	\N	1	2.6835° N	30.1096° E	88.88632191476806	f	0.9614808688754684
845	2023-07-01 21:06:34.811634+00	2023-07-01 21:06:34.811634+00	\N	1	1.9781° N	30.3316° E	91.47325809451614	t	4.697511194515424
846	2023-07-01 21:06:34.861265+00	2023-07-01 21:06:34.861265+00	\N	1	2.3531° N	30.1676° E	41.86553389578925	t	1.954899608719809
847	2023-07-01 21:06:34.912722+00	2023-07-01 21:06:34.912722+00	\N	2	1.9661° N	30.9289° E	55.522373272215454	t	4.08802017270021
848	2023-07-01 21:06:34.96344+00	2023-07-01 21:06:34.96344+00	\N	2	2.6753° N	30.6049° E	62.439072963075084	t	2.31062304190874
849	2023-07-01 21:06:35.013876+00	2023-07-01 21:06:35.013876+00	\N	1	2.0195° N	30.5330° E	70.9440428192947	f	0.4083076018243062
850	2023-07-01 21:06:35.063328+00	2023-07-01 21:06:35.063328+00	\N	1	2.4067° N	30.5039° E	18.928454158194334	f	2.7469172021041155
851	2023-07-01 21:06:35.115164+00	2023-07-01 21:06:35.115164+00	\N	2	2.5501° N	30.1201° E	68.69909492594924	f	2.8623648585468997
852	2023-07-01 21:06:35.165159+00	2023-07-01 21:06:35.165159+00	\N	2	1.9386° N	30.3960° E	1.0092199146049379	f	5.97162649481282
853	2023-07-01 21:06:35.215459+00	2023-07-01 21:06:35.215459+00	\N	1	2.4316° N	30.6649° E	60.34438691263817	t	4.6406395294587535
854	2023-07-01 21:06:35.265562+00	2023-07-01 21:06:35.265562+00	\N	2	1.9421° N	30.5867° E	68.49640890029633	f	2.6313268735813984
855	2023-07-01 21:06:35.316051+00	2023-07-01 21:06:35.316051+00	\N	2	2.5057° N	30.2570° E	68.12338253093114	f	6.390925115252437
856	2023-07-01 21:06:35.366654+00	2023-07-01 21:06:35.366654+00	\N	2	2.5841° N	31.0145° E	1.85693974702129	f	0.3697131579022205
857	2023-07-01 21:06:35.416779+00	2023-07-01 21:06:35.416779+00	\N	1	2.9011° N	30.1810° E	89.67440772384438	t	7.813246596655948
858	2023-07-01 21:06:35.467586+00	2023-07-01 21:06:35.467586+00	\N	2	2.3131° N	30.4355° E	66.73931785431223	f	8.604479239316706
859	2023-07-01 21:06:35.517869+00	2023-07-01 21:06:35.517869+00	\N	1	2.7415° N	30.8969° E	58.361328261852876	f	6.234568108353665
860	2023-07-01 21:06:35.567758+00	2023-07-01 21:06:35.567758+00	\N	1	2.7998° N	30.1640° E	66.86943184907832	t	5.415317284154523
861	2023-07-01 21:06:35.619639+00	2023-07-01 21:06:35.619639+00	\N	1	2.8584° N	31.0334° E	75.43961523943452	t	1.0319057299125844
862	2023-07-01 21:06:35.673437+00	2023-07-01 21:06:35.673437+00	\N	1	2.7372° N	30.2245° E	36.42868587272378	f	4.52729353609168
863	2023-07-01 21:06:35.722473+00	2023-07-01 21:06:35.722473+00	\N	2	2.9119° N	30.3024° E	17.40478859870996	f	6.026868938940298
864	2023-07-01 21:06:35.773019+00	2023-07-01 21:06:35.773019+00	\N	1	2.1803° N	30.5511° E	40.92264369086243	t	2.6749925275061375
865	2023-07-01 21:06:35.823019+00	2023-07-01 21:06:35.823019+00	\N	1	2.3109° N	30.9530° E	77.35044675132013	f	7.284134808973097
866	2023-07-01 21:06:35.873202+00	2023-07-01 21:06:35.873202+00	\N	2	2.4107° N	30.3999° E	94.11963411725381	t	1.270033699489304
867	2023-07-01 21:06:35.924346+00	2023-07-01 21:06:35.924346+00	\N	2	2.6761° N	30.3441° E	27.2165013219124	t	4.942648016764386
868	2023-07-01 21:06:35.974128+00	2023-07-01 21:06:35.974128+00	\N	2	2.8046° N	30.1755° E	58.046779408377894	t	4.636531407205709
869	2023-07-01 21:06:36.022911+00	2023-07-01 21:06:36.022911+00	\N	2	2.7137° N	31.0604° E	9.819096902543468	t	0.8462586887921817
870	2023-07-01 21:06:36.074029+00	2023-07-01 21:06:36.074029+00	\N	2	2.7641° N	30.2776° E	16.87126271878262	t	0.7876390390626641
871	2023-07-01 21:06:36.125075+00	2023-07-01 21:06:36.125075+00	\N	2	2.3481° N	30.3139° E	55.928397917200336	t	1.756032618409078
872	2023-07-01 21:06:36.174597+00	2023-07-01 21:06:36.174597+00	\N	1	2.2843° N	30.6196° E	93.84689999044926	f	3.919995311376229
873	2023-07-01 21:06:36.224662+00	2023-07-01 21:06:36.224662+00	\N	2	2.3489° N	30.9235° E	35.24559048022942	f	9.090960575806529
874	2023-07-01 21:06:36.275058+00	2023-07-01 21:06:36.275058+00	\N	1	2.8771° N	30.7348° E	83.2363237149489	f	8.547678234498806
875	2023-07-01 21:06:36.32634+00	2023-07-01 21:06:36.32634+00	\N	1	2.5442° N	30.6182° E	36.720203180573264	t	0.6332950341003063
876	2023-07-01 21:06:36.375492+00	2023-07-01 21:06:36.375492+00	\N	1	2.6933° N	30.7596° E	84.1271167435348	f	7.484642994479659
877	2023-07-01 21:06:36.427127+00	2023-07-01 21:06:36.427127+00	\N	2	2.6284° N	30.3141° E	11.953082974668018	f	3.3949065886103824
878	2023-07-01 21:06:36.478869+00	2023-07-01 21:06:36.478869+00	\N	2	2.7638° N	30.4816° E	12.438055639231678	t	3.105592108071547
879	2023-07-01 21:06:36.528571+00	2023-07-01 21:06:36.528571+00	\N	2	2.1355° N	30.4228° E	6.043628984198662	f	2.1910737482671476
880	2023-07-01 21:06:36.578992+00	2023-07-01 21:06:36.578992+00	\N	2	2.5962° N	30.4229° E	43.64489399928618	t	5.444010796703091
881	2023-07-01 21:06:36.629777+00	2023-07-01 21:06:36.629777+00	\N	2	1.9806° N	30.8521° E	11.912520078407052	t	0.47448318121452454
882	2023-07-01 21:06:36.681304+00	2023-07-01 21:06:36.681304+00	\N	1	2.7983° N	30.4333° E	17.257349504057938	f	9.899145870810077
883	2023-07-01 21:06:36.731006+00	2023-07-01 21:06:36.731006+00	\N	2	2.9074° N	30.3314° E	82.05914457184504	t	9.621273620935643
884	2023-07-01 21:06:36.781624+00	2023-07-01 21:06:36.781624+00	\N	2	2.5561° N	30.8249° E	23.287052089253095	f	4.774595998571105
885	2023-07-01 21:06:36.831913+00	2023-07-01 21:06:36.831913+00	\N	1	1.9983° N	30.0901° E	18.755853843781587	t	7.117544765105189
886	2023-07-01 21:06:36.881558+00	2023-07-01 21:06:36.881558+00	\N	1	2.5673° N	30.8867° E	94.30594994007447	t	1.0299416618573072
887	2023-07-01 21:06:36.931739+00	2023-07-01 21:06:36.931739+00	\N	1	2.7326° N	30.0818° E	37.97073742701044	f	5.884121943410083
888	2023-07-01 21:06:36.982888+00	2023-07-01 21:06:36.982888+00	\N	1	2.7405° N	30.2321° E	15.534748411254414	t	8.424978616932634
889	2023-07-01 21:06:37.032855+00	2023-07-01 21:06:37.032855+00	\N	2	2.8073° N	30.5966° E	26.805646696680558	f	5.786089217895066
890	2023-07-01 21:06:37.083111+00	2023-07-01 21:06:37.083111+00	\N	1	2.6133° N	30.4115° E	41.41894655821017	t	9.090618080888612
891	2023-07-01 21:06:37.133625+00	2023-07-01 21:06:37.133625+00	\N	2	2.0116° N	30.8535° E	44.589063361290904	f	0.42287702192192217
892	2023-07-01 21:06:37.184859+00	2023-07-01 21:06:37.184859+00	\N	2	2.0528° N	30.2064° E	47.20116632493296	t	7.376433312791723
893	2023-07-01 21:06:37.235626+00	2023-07-01 21:06:37.235626+00	\N	1	2.2462° N	30.7934° E	4.21537539228996	t	8.842290593057399
894	2023-07-01 21:06:37.285203+00	2023-07-01 21:06:37.285203+00	\N	2	2.0027° N	30.6886° E	70.25695871145416	t	6.764374743982186
895	2023-07-01 21:06:37.337994+00	2023-07-01 21:06:37.337994+00	\N	1	2.3910° N	30.1726° E	1.9498172662933202	f	6.52860805842649
896	2023-07-01 21:06:37.390451+00	2023-07-01 21:06:37.390451+00	\N	2	2.3433° N	30.8828° E	90.82638947663828	f	1.2904577014707477
897	2023-07-01 21:06:37.438031+00	2023-07-01 21:06:37.438031+00	\N	1	2.3003° N	30.4359° E	92.5428927706928	f	7.1998450116929416
898	2023-07-01 21:06:37.489342+00	2023-07-01 21:06:37.489342+00	\N	1	2.8520° N	30.5150° E	58.74440303906252	t	3.3684050393076164
899	2023-07-01 21:06:37.540309+00	2023-07-01 21:06:37.540309+00	\N	1	2.4425° N	31.0455° E	33.42825639112388	t	8.054128571590631
900	2023-07-01 21:06:37.590867+00	2023-07-01 21:06:37.590867+00	\N	1	2.5967° N	30.6050° E	74.7614458866527	f	7.477985366298344
901	2023-07-01 21:06:37.641123+00	2023-07-01 21:06:37.641123+00	\N	2	2.5556° N	31.0114° E	12.924335271600022	f	4.559257796581092
902	2023-07-01 21:06:37.690628+00	2023-07-01 21:06:37.690628+00	\N	1	2.2696° N	30.7915° E	71.95295622148826	f	3.383814957275782
903	2023-07-01 21:06:37.741142+00	2023-07-01 21:06:37.741142+00	\N	2	2.6493° N	30.9897° E	64.43662486783346	f	7.557683685382365
904	2023-07-01 21:06:37.833057+00	2023-07-01 21:06:37.833057+00	\N	2	2.0865° N	30.2395° E	90.75556124168978	t	8.86356478751599
905	2023-07-01 21:06:37.866651+00	2023-07-01 21:06:37.866651+00	\N	1	2.1700° N	30.6346° E	96.49271168394795	t	4.277771310624999
906	2023-07-01 21:06:37.900851+00	2023-07-01 21:06:37.900851+00	\N	1	2.4182° N	30.4180° E	8.286574781913966	t	9.085491411830983
907	2023-07-01 21:06:37.950006+00	2023-07-01 21:06:37.950006+00	\N	2	2.5408° N	30.3706° E	6.235057211359886	t	2.6834104964728263
908	2023-07-01 21:06:37.999594+00	2023-07-01 21:06:37.999594+00	\N	2	2.8230° N	30.1987° E	60.944891595952825	t	6.478118996091902
909	2023-07-01 21:06:38.05001+00	2023-07-01 21:06:38.05001+00	\N	2	2.8605° N	30.4556° E	75.39659505322822	t	3.911657030798364
910	2023-07-01 21:06:38.100151+00	2023-07-01 21:06:38.100151+00	\N	2	2.9121° N	30.0745° E	5.5485471311209125	f	7.333197225708197
911	2023-07-01 21:06:38.150589+00	2023-07-01 21:06:38.150589+00	\N	1	2.7778° N	31.0526° E	4.411559654632439	f	3.857299946857541
912	2023-07-01 21:06:38.201178+00	2023-07-01 21:06:38.201178+00	\N	2	2.0652° N	30.9257° E	43.80109452767173	t	3.6386697310584233
913	2023-07-01 21:06:38.253033+00	2023-07-01 21:06:38.253033+00	\N	1	2.8802° N	30.7744° E	63.993983640607176	f	4.592571733434862
914	2023-07-01 21:06:38.303897+00	2023-07-01 21:06:38.303897+00	\N	1	2.8795° N	30.9820° E	39.475600880301045	t	1.8166391807891147
915	2023-07-01 21:06:38.353805+00	2023-07-01 21:06:38.353805+00	\N	2	2.4586° N	30.5851° E	59.385738872955365	t	0.9681491213483571
916	2023-07-01 21:06:38.40466+00	2023-07-01 21:06:38.40466+00	\N	1	2.7997° N	30.0661° E	68.6035073497177	t	2.072505384440498
917	2023-07-01 21:06:38.454454+00	2023-07-01 21:06:38.454454+00	\N	1	2.4345° N	30.7432° E	18.663680159172344	f	4.421462635418308
918	2023-07-01 21:06:38.505772+00	2023-07-01 21:06:38.505772+00	\N	1	2.6827° N	30.9836° E	85.74655124269873	f	8.245463357217046
919	2023-07-01 21:06:38.55588+00	2023-07-01 21:06:38.55588+00	\N	2	2.1240° N	30.6861° E	73.43720302915095	f	9.914187372664786
920	2023-07-01 21:06:38.604828+00	2023-07-01 21:06:38.604828+00	\N	2	2.0337° N	30.8883° E	46.855460375721705	f	3.9968437195312285
921	2023-07-01 21:06:38.65563+00	2023-07-01 21:06:38.65563+00	\N	1	1.9576° N	31.0498° E	17.539922110350286	f	5.314079333428735
922	2023-07-01 21:06:38.707157+00	2023-07-01 21:06:38.707157+00	\N	2	2.0954° N	30.5633° E	21.536720014404104	f	9.169695706802287
923	2023-07-01 21:06:38.756945+00	2023-07-01 21:06:38.756945+00	\N	1	2.3116° N	30.1128° E	8.175526591002171	t	6.522567077067905
924	2023-07-01 21:06:38.808305+00	2023-07-01 21:06:38.808305+00	\N	1	2.5074° N	30.3704° E	4.360629400943792	f	6.071502718331951
925	2023-07-01 21:06:38.859066+00	2023-07-01 21:06:38.859066+00	\N	1	2.2173° N	30.1831° E	63.95692150559409	t	1.7897154961211623
926	2023-07-01 21:06:38.908583+00	2023-07-01 21:06:38.908583+00	\N	2	2.2425° N	30.6466° E	96.27523564938821	f	9.979644783136713
927	2023-07-01 21:06:38.958455+00	2023-07-01 21:06:38.958455+00	\N	2	2.1220° N	30.3686° E	46.9037194626419	t	5.3533504620533146
928	2023-07-01 21:06:39.010023+00	2023-07-01 21:06:39.010023+00	\N	2	2.1723° N	31.0506° E	25.524183867740096	f	4.678889610987428
929	2023-07-01 21:06:39.059782+00	2023-07-01 21:06:39.059782+00	\N	2	2.1298° N	30.5838° E	81.61598476445151	t	4.010369058043328
930	2023-07-01 21:06:39.112032+00	2023-07-01 21:06:39.112032+00	\N	1	2.7131° N	31.0197° E	0.3700960491458681	f	3.659254992473278
931	2023-07-01 21:06:39.162602+00	2023-07-01 21:06:39.162602+00	\N	2	2.6417° N	30.3431° E	70.81788842859082	f	8.285301830957938
932	2023-07-01 21:06:39.213954+00	2023-07-01 21:06:39.213954+00	\N	2	2.9014° N	30.6875° E	76.23005613367754	f	6.341076373531186
933	2023-07-01 21:06:39.264469+00	2023-07-01 21:06:39.264469+00	\N	1	2.4066° N	30.8621° E	5.623381787621681	t	9.088656315204105
934	2023-07-01 21:06:39.314189+00	2023-07-01 21:06:39.314189+00	\N	1	2.0809° N	30.9710° E	98.64038904585388	f	0.08924879085737351
935	2023-07-01 21:06:39.363931+00	2023-07-01 21:06:39.363931+00	\N	2	2.6495° N	30.9444° E	34.67491805128543	f	9.431559484184023
936	2023-07-01 21:06:39.415158+00	2023-07-01 21:06:39.415158+00	\N	1	2.7946° N	30.7468° E	40.920391924799816	t	1.0576663378916915
937	2023-07-01 21:06:39.464723+00	2023-07-01 21:06:39.464723+00	\N	1	2.2369° N	30.2271° E	95.89777014184938	t	4.9752781481660175
938	2023-07-01 21:06:39.515801+00	2023-07-01 21:06:39.515801+00	\N	1	2.4052° N	30.7676° E	25.33647931885022	f	0.9419345411600942
939	2023-07-01 21:06:39.566462+00	2023-07-01 21:06:39.566462+00	\N	1	2.5655° N	30.9694° E	15.60625226160435	f	5.73038061507369
940	2023-07-01 21:06:39.617572+00	2023-07-01 21:06:39.617572+00	\N	2	2.8175° N	30.2581° E	56.45889125736691	f	6.718912391414222
941	2023-07-01 21:06:39.668771+00	2023-07-01 21:06:39.668771+00	\N	1	2.0492° N	30.4871° E	14.223168706473615	t	8.688585317214997
942	2023-07-01 21:06:39.718915+00	2023-07-01 21:06:39.718915+00	\N	1	2.5538° N	30.1283° E	91.00093416635582	f	2.6671518470371587
943	2023-07-01 21:06:39.769943+00	2023-07-01 21:06:39.769943+00	\N	2	1.9848° N	30.6446° E	34.25639220822533	f	1.8922282621563058
944	2023-07-01 21:06:39.81925+00	2023-07-01 21:06:39.81925+00	\N	1	2.1552° N	30.3101° E	59.957840519911365	f	8.433850624273894
945	2023-07-01 21:06:39.869722+00	2023-07-01 21:06:39.869722+00	\N	1	2.5647° N	30.6190° E	11.22927570584084	f	9.132201851421888
946	2023-07-01 21:06:39.918423+00	2023-07-01 21:06:39.918423+00	\N	2	2.7053° N	30.8559° E	79.92751520518384	t	2.8027316736502583
947	2023-07-01 21:06:39.971026+00	2023-07-01 21:06:39.971026+00	\N	1	2.6967° N	30.9390° E	58.548052033894585	f	8.96770796358351
948	2023-07-01 21:06:40.021455+00	2023-07-01 21:06:40.021455+00	\N	2	2.7148° N	30.4344° E	74.07015682456716	t	5.825989869453439
949	2023-07-01 21:06:40.071813+00	2023-07-01 21:06:40.071813+00	\N	2	2.7534° N	30.5611° E	89.6333597812749	t	6.065127040873543
950	2023-07-01 21:06:40.122652+00	2023-07-01 21:06:40.122652+00	\N	2	2.6725° N	31.0359° E	61.42482587529857	t	8.07247903482059
951	2023-07-01 21:06:40.172542+00	2023-07-01 21:06:40.172542+00	\N	1	1.9878° N	30.9644° E	18.40763124743299	t	1.0209615146707194
952	2023-07-01 21:06:40.2226+00	2023-07-01 21:06:40.2226+00	\N	2	2.1698° N	30.5886° E	54.943716731262526	f	5.6333716320232945
953	2023-07-01 21:06:40.27414+00	2023-07-01 21:06:40.27414+00	\N	1	2.2937° N	30.3369° E	19.901008954819122	f	6.056070753184263
954	2023-07-01 21:06:40.324207+00	2023-07-01 21:06:40.324207+00	\N	1	2.6372° N	30.2094° E	91.54192782317453	f	9.179020261508217
955	2023-07-01 21:06:40.375569+00	2023-07-01 21:06:40.375569+00	\N	1	2.5560° N	30.4633° E	54.346567208605144	f	4.053166175053812
956	2023-07-01 21:06:40.425228+00	2023-07-01 21:06:40.425228+00	\N	2	2.3482° N	30.3691° E	39.20605085097991	t	2.08113481479096
957	2023-07-01 21:06:40.477152+00	2023-07-01 21:06:40.477152+00	\N	1	2.8248° N	30.0998° E	24.172779777660445	t	7.779649081566489
958	2023-07-01 21:06:40.528102+00	2023-07-01 21:06:40.528102+00	\N	1	2.1444° N	30.3950° E	52.80494683481408	t	7.348369310941757
959	2023-07-01 21:06:40.577957+00	2023-07-01 21:06:40.577957+00	\N	1	2.7531° N	30.9023° E	68.74660722416706	f	9.314945050953297
960	2023-07-01 21:06:40.628057+00	2023-07-01 21:06:40.628057+00	\N	1	2.5848° N	31.0532° E	0.7346001784110122	f	4.664319754463854
961	2023-07-01 21:06:40.679251+00	2023-07-01 21:06:40.679251+00	\N	1	2.7968° N	31.0266° E	78.32995616652	t	8.739817768889052
962	2023-07-01 21:06:40.731061+00	2023-07-01 21:06:40.731061+00	\N	2	2.2164° N	30.1956° E	80.52182045865118	t	4.152470931849214
963	2023-07-01 21:06:40.780966+00	2023-07-01 21:06:40.780966+00	\N	2	2.2602° N	30.3094° E	42.51041977813838	t	7.9019978380317655
964	2023-07-01 21:06:40.831307+00	2023-07-01 21:06:40.831307+00	\N	1	2.6212° N	30.8664° E	43.96261351168319	f	1.8255743455894782
965	2023-07-01 21:06:40.881733+00	2023-07-01 21:06:40.881733+00	\N	1	2.1518° N	30.3018° E	11.202261581288376	t	6.337541915747958
966	2023-07-01 21:06:40.932097+00	2023-07-01 21:06:40.932097+00	\N	1	1.9559° N	30.8406° E	6.8817937664733915	f	1.1503768685127782
967	2023-07-01 21:06:40.983419+00	2023-07-01 21:06:40.983419+00	\N	1	2.4509° N	30.0722° E	5.604305444641361	f	0.09446130119361076
968	2023-07-01 21:06:41.034669+00	2023-07-01 21:06:41.034669+00	\N	1	2.0434° N	30.7231° E	19.122776295264554	t	3.898243703428903
969	2023-07-01 21:06:41.084958+00	2023-07-01 21:06:41.084958+00	\N	1	1.9970° N	30.5869° E	54.88698447602975	f	7.1719366379895195
970	2023-07-01 21:06:41.1343+00	2023-07-01 21:06:41.1343+00	\N	2	2.0773° N	30.4509° E	9.268085193363804	t	8.673470597549954
971	2023-07-01 21:06:41.184819+00	2023-07-01 21:06:41.184819+00	\N	1	2.7898° N	30.0731° E	9.307508694617402	t	4.201631688916255
972	2023-07-01 21:06:41.236376+00	2023-07-01 21:06:41.236376+00	\N	1	2.5928° N	30.4761° E	29.443002458823493	f	4.249584149690181
973	2023-07-01 21:06:41.285665+00	2023-07-01 21:06:41.285665+00	\N	2	2.0336° N	30.9496° E	95.53364378419751	f	7.900679174012858
974	2023-07-01 21:06:41.337963+00	2023-07-01 21:06:41.337963+00	\N	2	2.2502° N	30.9468° E	0.5754269395044672	t	1.4286034692719136
975	2023-07-01 21:06:41.387995+00	2023-07-01 21:06:41.387995+00	\N	2	2.7398° N	30.4081° E	92.50215808539643	t	4.506075586667471
976	2023-07-01 21:06:41.437569+00	2023-07-01 21:06:41.437569+00	\N	2	2.3745° N	31.0402° E	57.245264127018345	f	2.477885517052652
977	2023-07-01 21:06:41.48785+00	2023-07-01 21:06:41.48785+00	\N	1	2.5270° N	30.6518° E	42.414048895411305	t	6.466884502847621
978	2023-07-01 21:06:41.538099+00	2023-07-01 21:06:41.538099+00	\N	1	2.1579° N	30.3925° E	31.443299674778935	f	8.543632657176234
979	2023-07-01 21:06:41.588603+00	2023-07-01 21:06:41.588603+00	\N	1	2.0559° N	30.8026° E	99.96413849084395	f	7.535978818287812
980	2023-07-01 21:06:41.639829+00	2023-07-01 21:06:41.639829+00	\N	1	2.2655° N	30.2744° E	4.9689420947390035	f	3.856492853987647
981	2023-07-01 21:06:41.690661+00	2023-07-01 21:06:41.690661+00	\N	2	2.1427° N	30.6694° E	30.97006666559201	f	5.422890577638249
982	2023-07-01 21:06:41.74048+00	2023-07-01 21:06:41.74048+00	\N	2	2.7571° N	30.2164° E	35.56656606841603	t	9.452684510028515
983	2023-07-01 21:06:41.789734+00	2023-07-01 21:06:41.789734+00	\N	2	2.7037° N	30.4258° E	75.2864690949089	f	4.7107018290917075
984	2023-07-01 21:06:41.839381+00	2023-07-01 21:06:41.839381+00	\N	2	2.0371° N	30.1316° E	43.2700494484807	t	1.6882701519177934
985	2023-07-01 21:06:41.890247+00	2023-07-01 21:06:41.890247+00	\N	1	2.8486° N	30.2592° E	29.484309234127785	t	0.051578634639158495
986	2023-07-01 21:06:41.9413+00	2023-07-01 21:06:41.9413+00	\N	1	1.9778° N	30.8002° E	67.61129891648336	f	4.575177764412282
987	2023-07-01 21:06:41.992454+00	2023-07-01 21:06:41.992454+00	\N	2	2.7164° N	30.5661° E	3.886465087870836	f	5.157845891840419
988	2023-07-01 21:06:42.043302+00	2023-07-01 21:06:42.043302+00	\N	1	2.3870° N	30.1293° E	99.67224218671839	f	2.6753394309120084
989	2023-07-01 21:06:42.094475+00	2023-07-01 21:06:42.094475+00	\N	1	2.5969° N	31.0597° E	7.758898244686121	t	9.693306252091816
990	2023-07-01 21:06:42.145458+00	2023-07-01 21:06:42.145458+00	\N	1	2.2960° N	30.7807° E	99.49931598332148	f	3.5025396647340874
991	2023-07-01 21:06:42.194671+00	2023-07-01 21:06:42.194671+00	\N	2	1.9792° N	30.6565° E	18.97564881787559	t	1.8089291105525112
992	2023-07-01 21:06:42.246775+00	2023-07-01 21:06:42.246775+00	\N	2	2.0557° N	30.4219° E	38.70234725852455	f	9.982013180942143
993	2023-07-01 21:06:42.297014+00	2023-07-01 21:06:42.297014+00	\N	1	2.8677° N	30.0795° E	5.590090839363033	f	4.802700380676194
994	2023-07-01 21:06:42.348119+00	2023-07-01 21:06:42.348119+00	\N	2	2.4973° N	30.9588° E	78.10734078402659	t	1.9390435643506283
995	2023-07-01 21:06:42.398192+00	2023-07-01 21:06:42.398192+00	\N	1	2.2631° N	30.7392° E	76.17629028260112	t	7.559013763118697
996	2023-07-01 21:06:42.448291+00	2023-07-01 21:06:42.448291+00	\N	1	2.3329° N	30.3282° E	11.290358292550975	t	4.110540392863796
997	2023-07-01 21:06:42.499344+00	2023-07-01 21:06:42.499344+00	\N	2	2.9023° N	30.5754° E	17.487107045063922	t	4.005078794872347
998	2023-07-01 21:06:42.569654+00	2023-07-01 21:06:42.569654+00	\N	2	2.5138° N	30.9936° E	71.89523310646723	f	8.366181654392372
999	2023-07-01 21:06:42.601245+00	2023-07-01 21:06:42.601245+00	\N	1	2.7412° N	30.5876° E	65.6109532453348	f	1.310152336880463
1000	2023-07-01 21:06:42.653294+00	2023-07-01 21:06:42.653294+00	\N	2	2.5172° N	30.4904° E	19.799973252256038	f	7.745961693724901
1001	2023-07-01 21:06:42.702976+00	2023-07-01 21:06:42.702976+00	\N	1	2.6653° N	30.1320° E	85.80900157441033	f	0.9970611502812823
1002	2023-07-01 21:06:42.753864+00	2023-07-01 21:06:42.753864+00	\N	1	1.9922° N	30.8937° E	62.908279832161895	t	5.9118536387531675
1003	2023-07-01 21:06:42.8044+00	2023-07-01 21:06:42.8044+00	\N	2	2.5672° N	30.1776° E	20.095982348362284	f	0.993236083833095
1004	2023-07-01 21:06:42.856053+00	2023-07-01 21:06:42.856053+00	\N	2	2.6542° N	30.5141° E	34.54175958818214	f	3.108891256897206
1005	2023-07-01 21:06:42.906164+00	2023-07-01 21:06:42.906164+00	\N	2	2.9038° N	30.1480° E	42.91923294387104	f	1.3568723319895926
1006	2023-07-01 21:06:42.95715+00	2023-07-01 21:06:42.95715+00	\N	2	2.1890° N	30.7664° E	78.644202641489	f	1.839481513069723
1007	2023-07-01 21:06:43.007864+00	2023-07-01 21:06:43.007864+00	\N	1	2.2141° N	30.4222° E	58.00253494197878	f	5.290680120562645
1008	2023-07-01 21:06:43.057546+00	2023-07-01 21:06:43.057546+00	\N	2	2.6836° N	30.0860° E	59.49131639570392	f	7.243240342171498
1009	2023-07-01 21:06:43.110289+00	2023-07-01 21:06:43.110289+00	\N	2	2.9154° N	30.7432° E	44.34300938515875	t	6.2276966595412055
1010	2023-07-02 20:07:37.18055+00	2023-07-02 20:07:37.18055+00	\N	3	30.0855667	-1.9990443	5	f	0
1011	2023-07-02 20:07:55.802137+00	2023-07-02 20:07:55.802137+00	\N	4	30.0855667	-1.9990443	99.8	f	0
\.


--
-- Data for Name: drivers; Type: TABLE DATA; Schema: public; Owner: postgres
--

COPY public.drivers (id, created_at, updated_at, deleted_at, first_name, last_name, phone_number, email) FROM stdin;
1	2023-07-01 19:13:45.589363+00	2023-07-01 19:13:45.589363+00	\N	John	Doe	123-456-7890	john.doe@example.com
2	2023-07-01 19:14:08.346108+00	2023-07-01 19:14:08.346108+00	\N	Jane	Smith	987-654-3210	jane.smith@example.com
\.


--
-- Data for Name: stations; Type: TABLE DATA; Schema: public; Owner: postgres
--

COPY public.stations (id, created_at, updated_at, deleted_at, location, description) FROM stdin;
1	2023-07-01 19:15:19.45406+00	2023-07-01 19:15:19.45406+00	\N	Kacyiru	Central Park Station
2	2023-07-01 19:15:34.998022+00	2023-07-01 19:15:34.998022+00	\N	Giporoso	Golden Gate Station
\.


--
-- Data for Name: swaps; Type: TABLE DATA; Schema: public; Owner: postgres
--

COPY public.swaps (id, created_at, updated_at, deleted_at, battery_in_id, battery_in_soc, battery_out_id, battery_out_soc, driver_id, station_id, agent_id, vehicle_id, cost, distance_covered, energy_consumed) FROM stdin;
12	2023-07-02 16:41:41.705874+00	2023-07-02 16:41:41.705874+00	\N	1	58.00253494197878	2	44.34300938515875	1	2	2	1	164.40604960188588029766	2.731905111364006	0.16391430668184034
13	2023-07-02 16:42:37.262021+00	2023-07-02 16:42:37.262021+00	\N	1	58.00253494197878	2	44.34300938515875	2	2	2	1	164.40604960188588029766	2.731905111364006	0.16391430668184034
14	2023-07-02 16:42:40.217936+00	2023-07-02 16:42:40.217936+00	\N	1	58.00253494197878	2	44.34300938515875	2	2	2	2	164.40604960188588029766	2.731905111364006	0.16391430668184034
15	2023-07-02 16:42:44.974935+00	2023-07-02 16:42:44.974935+00	\N	1	58.00253494197878	2	44.34300938515875	2	1	2	2	164.40604960188588029766	2.731905111364006	0.16391430668184034
16	2023-07-02 16:42:48.502353+00	2023-07-02 16:42:48.502353+00	\N	1	58.00253494197878	2	44.34300938515875	2	1	1	2	164.40604960188588029766	2.731905111364006	0.16391430668184034
17	2023-07-02 20:08:21.914291+00	2023-07-02 20:08:21.914291+00	\N	4	99.8	3	5	2	1	1	2	1141.0128	18.96	1.1376
\.


--
-- Data for Name: vehicles; Type: TABLE DATA; Schema: public; Owner: postgres
--

COPY public.vehicles (id, created_at, updated_at, deleted_at, identifier, model_name, manufacture_date, description) FROM stdin;
1	2023-07-01 19:09:48.989606+00	2023-07-01 19:09:48.989606+00	\N	MT27203482	EM2	2023-07-01	Electric Moto
2	2023-07-01 19:10:07.601699+00	2023-07-01 19:10:07.601699+00	\N	MT27203484	EM2	2023-07-01	Electric Moto
\.


--
-- Name: agents_id_seq; Type: SEQUENCE SET; Schema: public; Owner: postgres
--

SELECT pg_catalog.setval('public.agents_id_seq', 2, true);


--
-- Name: batteries_id_seq; Type: SEQUENCE SET; Schema: public; Owner: postgres
--

SELECT pg_catalog.setval('public.batteries_id_seq', 4, true);


--
-- Name: battery_telematics_id_seq; Type: SEQUENCE SET; Schema: public; Owner: postgres
--

SELECT pg_catalog.setval('public.battery_telematics_id_seq', 1011, true);


--
-- Name: drivers_id_seq; Type: SEQUENCE SET; Schema: public; Owner: postgres
--

SELECT pg_catalog.setval('public.drivers_id_seq', 2, true);


--
-- Name: stations_id_seq; Type: SEQUENCE SET; Schema: public; Owner: postgres
--

SELECT pg_catalog.setval('public.stations_id_seq', 2, true);


--
-- Name: swaps_id_seq; Type: SEQUENCE SET; Schema: public; Owner: postgres
--

SELECT pg_catalog.setval('public.swaps_id_seq', 17, true);


--
-- Name: vehicles_id_seq; Type: SEQUENCE SET; Schema: public; Owner: postgres
--

SELECT pg_catalog.setval('public.vehicles_id_seq', 2, true);


--
-- Name: agents agents_pkey; Type: CONSTRAINT; Schema: public; Owner: postgres
--

ALTER TABLE ONLY public.agents
    ADD CONSTRAINT agents_pkey PRIMARY KEY (id);


--
-- Name: batteries batteries_identifier_key; Type: CONSTRAINT; Schema: public; Owner: postgres
--

ALTER TABLE ONLY public.batteries
    ADD CONSTRAINT batteries_identifier_key UNIQUE (identifier);


--
-- Name: batteries batteries_pkey; Type: CONSTRAINT; Schema: public; Owner: postgres
--

ALTER TABLE ONLY public.batteries
    ADD CONSTRAINT batteries_pkey PRIMARY KEY (id);


--
-- Name: battery_telematics battery_telematics_pkey; Type: CONSTRAINT; Schema: public; Owner: postgres
--

ALTER TABLE ONLY public.battery_telematics
    ADD CONSTRAINT battery_telematics_pkey PRIMARY KEY (id);


--
-- Name: drivers drivers_pkey; Type: CONSTRAINT; Schema: public; Owner: postgres
--

ALTER TABLE ONLY public.drivers
    ADD CONSTRAINT drivers_pkey PRIMARY KEY (id);


--
-- Name: stations stations_pkey; Type: CONSTRAINT; Schema: public; Owner: postgres
--

ALTER TABLE ONLY public.stations
    ADD CONSTRAINT stations_pkey PRIMARY KEY (id);


--
-- Name: swaps swaps_pkey; Type: CONSTRAINT; Schema: public; Owner: postgres
--

ALTER TABLE ONLY public.swaps
    ADD CONSTRAINT swaps_pkey PRIMARY KEY (id);


--
-- Name: vehicles vehicles_identifier_key; Type: CONSTRAINT; Schema: public; Owner: postgres
--

ALTER TABLE ONLY public.vehicles
    ADD CONSTRAINT vehicles_identifier_key UNIQUE (identifier);


--
-- Name: vehicles vehicles_pkey; Type: CONSTRAINT; Schema: public; Owner: postgres
--

ALTER TABLE ONLY public.vehicles
    ADD CONSTRAINT vehicles_pkey PRIMARY KEY (id);


--
-- Name: idx_agents_deleted_at; Type: INDEX; Schema: public; Owner: postgres
--

CREATE INDEX idx_agents_deleted_at ON public.agents USING btree (deleted_at);


--
-- Name: idx_batteries_deleted_at; Type: INDEX; Schema: public; Owner: postgres
--

CREATE INDEX idx_batteries_deleted_at ON public.batteries USING btree (deleted_at);


--
-- Name: idx_battery_telematics_deleted_at; Type: INDEX; Schema: public; Owner: postgres
--

CREATE INDEX idx_battery_telematics_deleted_at ON public.battery_telematics USING btree (deleted_at);


--
-- Name: idx_drivers_deleted_at; Type: INDEX; Schema: public; Owner: postgres
--

CREATE INDEX idx_drivers_deleted_at ON public.drivers USING btree (deleted_at);


--
-- Name: idx_stations_deleted_at; Type: INDEX; Schema: public; Owner: postgres
--

CREATE INDEX idx_stations_deleted_at ON public.stations USING btree (deleted_at);


--
-- Name: idx_swaps_deleted_at; Type: INDEX; Schema: public; Owner: postgres
--

CREATE INDEX idx_swaps_deleted_at ON public.swaps USING btree (deleted_at);


--
-- Name: idx_vehicles_deleted_at; Type: INDEX; Schema: public; Owner: postgres
--

CREATE INDEX idx_vehicles_deleted_at ON public.vehicles USING btree (deleted_at);


--
-- Name: swaps fk_agents_swaps; Type: FK CONSTRAINT; Schema: public; Owner: postgres
--

ALTER TABLE ONLY public.swaps
    ADD CONSTRAINT fk_agents_swaps FOREIGN KEY (agent_id) REFERENCES public.agents(id);


--
-- Name: battery_telematics fk_batteries_battery_telematics; Type: FK CONSTRAINT; Schema: public; Owner: postgres
--

ALTER TABLE ONLY public.battery_telematics
    ADD CONSTRAINT fk_batteries_battery_telematics FOREIGN KEY (battery_id) REFERENCES public.batteries(id);


--
-- Name: swaps fk_batteries_swaps_in; Type: FK CONSTRAINT; Schema: public; Owner: postgres
--

ALTER TABLE ONLY public.swaps
    ADD CONSTRAINT fk_batteries_swaps_in FOREIGN KEY (battery_in_id) REFERENCES public.batteries(id);


--
-- Name: swaps fk_batteries_swaps_out; Type: FK CONSTRAINT; Schema: public; Owner: postgres
--

ALTER TABLE ONLY public.swaps
    ADD CONSTRAINT fk_batteries_swaps_out FOREIGN KEY (battery_out_id) REFERENCES public.batteries(id);


--
-- Name: swaps fk_drivers_swaps; Type: FK CONSTRAINT; Schema: public; Owner: postgres
--

ALTER TABLE ONLY public.swaps
    ADD CONSTRAINT fk_drivers_swaps FOREIGN KEY (driver_id) REFERENCES public.drivers(id);


--
-- Name: swaps fk_stations_swaps; Type: FK CONSTRAINT; Schema: public; Owner: postgres
--

ALTER TABLE ONLY public.swaps
    ADD CONSTRAINT fk_stations_swaps FOREIGN KEY (station_id) REFERENCES public.stations(id);


--
-- Name: swaps fk_vehicles_swaps; Type: FK CONSTRAINT; Schema: public; Owner: postgres
--

ALTER TABLE ONLY public.swaps
    ADD CONSTRAINT fk_vehicles_swaps FOREIGN KEY (vehicle_id) REFERENCES public.vehicles(id);


--
-- PostgreSQL database dump complete
--

